id,created_at,target,opinion,sentiment,confidence
1921348858434420856,Sat May 10 23:37:19 +0000 2025,tj,ada,NEU,0.9956
1921348856244998506,Sat May 10 23:37:18 +0000 2025,Transjakarta,tersedia,NEU,1.0
1921348805124849993,Sat May 10 23:37:06 +0000 2025,busway,ketinggalan,NEG,1.0
1921347884898771033,Sat May 10 23:33:27 +0000 2025,TJ,hangneil,NEG,1.0
1921343524227678557,Sat May 10 23:16:07 +0000 2025,tj,duduk,POS,0.9122
1921333334740721769,Sat May 10 22:35:38 +0000 2025,TJ,Keliling,POS,0.9957
1921332126152106210,Sat May 10 22:30:50 +0000 2025,tj,stuck,NEG,1.0
1921323281635766780,Sat May 10 21:55:41 +0000 2025,TJ,Dillashaw,NEG,1.0
1921318544966332703,Sat May 10 21:36:52 +0000 2025,tj,destek,NEG,0.8835
1921314639205351928,Sat May 10 21:21:20 +0000 2025,TJ,meleset,NEG,1.0
1921305882459045904,Sat May 10 20:46:33 +0000 2025,taksi,ngetem,NEG,1.0
1921290193035833553,Sat May 10 19:44:12 +0000 2025,TransJakarta,gratis,POS,1.0
1921287276996231194,Sat May 10 19:32:37 +0000 2025,jalur,suka,POS,0.9992
1921287202018910401,Sat May 10 19:32:19 +0000 2025,tiket,Wtb,NEG,0.9722
1921279923261501774,Sat May 10 19:03:24 +0000 2025,tj,ngantukk,NEG,1.0
1921279458436083762,Sat May 10 19:01:33 +0000 2025,Tj,Heb,POS,0.9998
1921276130776043713,Sat May 10 18:48:19 +0000 2025,TJ,Hi,NEU,0.3395
1921275056354713677,Sat May 10 18:44:03 +0000 2025,jalannya,misah,NEG,0.9999
1921270985203822898,Sat May 10 18:27:53 +0000 2025,Tj,takut,NEG,0.8823
1921264051633394131,Sat May 10 18:00:19 +0000 2025,transumnya,banyak,POS,0.9643
1921263363201404934,Sat May 10 17:57:35 +0000 2025,TJ,Jombo,NEG,0.9469
1921262530590073160,Sat May 10 17:54:17 +0000 2025,tj,Keliling,POS,0.998
1921253881025028188,Sat May 10 17:19:55 +0000 2025,penginapan,enak,POS,0.9971
1921253881025028188,Sat May 10 17:19:55 +0000 2025,penginapan,murah,POS,0.9999
1921253588141043877,Sat May 10 17:18:45 +0000 2025,Jajanan,banyak,POS,0.999
1921253106928501002,Sat May 10 17:16:50 +0000 2025,tj,ada,NEU,0.9988
1921251435112472912,Sat May 10 17:10:11 +0000 2025,busway,capek,NEG,1.0
1921250277417443691,Sat May 10 17:05:35 +0000 2025,tj,Lanat,NEG,0.9977
1921249363478934005,Sat May 10 17:01:57 +0000 2025,Tj,lesung,NEG,1.0
1921247656753381707,Sat May 10 16:55:11 +0000 2025,transjakarta,dekil,NEG,0.9998
1921245550503923780,Sat May 10 16:46:48 +0000 2025,transjakarta,Kalideres,NEG,0.9767
1921243842201665770,Sat May 10 16:40:01 +0000 2025,tj,pilihannya,POS,0.8689
1921242549739557222,Sat May 10 16:34:53 +0000 2025,nunggu,bisa,POS,0.9769
1921241325430624285,Sat May 10 16:30:01 +0000 2025,busway,kgjelas,NEG,1.0
1921234344896561468,Sat May 10 16:02:17 +0000 2025,tj,bisa,POS,0.9632
1921234344896561468,Sat May 10 16:02:17 +0000 2025,tj,mangat,POS,0.9314
1921234101744312734,Sat May 10 16:01:19 +0000 2025,transjakarta,parkir,NEG,1.0
1921231916885270666,Sat May 10 15:52:38 +0000 2025,tj,pusing,NEG,1.0
1921231260023738707,Sat May 10 15:50:01 +0000 2025,transjakarta,Rute,NEG,0.9668
1921230540696359177,Sat May 10 15:47:10 +0000 2025,tj,beroperasi,NEU,1.0
1921228726978703416,Sat May 10 15:39:57 +0000 2025,tj,ada,NEU,1.0
1921227656613286182,Sat May 10 15:35:42 +0000 2025,tj,nangis,NEG,1.0
1921226068473659418,Sat May 10 15:29:24 +0000 2025,tj,aware,POS,0.9938
1921225793599885684,Sat May 10 15:28:18 +0000 2025,TJ,Madu,POS,0.9997
1921224428538466517,Sat May 10 15:22:53 +0000 2025,TransJakarta,gratis,POS,1.0
1921220508466495887,Sat May 10 15:07:18 +0000 2025,place,lucu,POS,1.0
1921220508466495887,Sat May 10 15:07:18 +0000 2025,place,lucu,POS,0.9998
1921220099374981422,Sat May 10 15:05:40 +0000 2025,tj,naber,NEG,1.0
1921219951471350189,Sat May 10 15:05:05 +0000 2025,parkir,dibolehkan,NEU,1.0
1921217853430063266,Sat May 10 14:56:45 +0000 2025,GS,kentang,NEG,1.0
1921217853430063266,Sat May 10 14:56:45 +0000 2025,jalur,kentang,NEG,1.0
1921217344375750903,Sat May 10 14:54:44 +0000 2025,tj,biru,POS,0.9985
1921216878682251735,Sat May 10 14:52:53 +0000 2025,tj,nabrak,NEG,0.9994
1921215873320132993,Sat May 10 14:48:53 +0000 2025,TJ,bengong,NEG,1.0
1921206075031744911,Sat May 10 14:09:57 +0000 2025,tj,jauh,NEG,0.9989
1921204462338671077,Sat May 10 14:03:32 +0000 2025,TJ,rute,NEU,0.9999
1921203402144366997,Sat May 10 13:59:19 +0000 2025,TJ,LUCU,POS,0.9997
1921203165652734363,Sat May 10 13:58:23 +0000 2025,tj,bisa,NEU,1.0
1921203165652734363,Sat May 10 13:58:23 +0000 2025,transit,males,NEG,1.0
1921202890456150481,Sat May 10 13:57:17 +0000 2025,macetnya,dikit,NEG,0.5823
1921202890456150481,Sat May 10 13:57:17 +0000 2025,jl,dikit,NEG,0.8502
1921202890456150481,Sat May 10 13:57:17 +0000 2025,jl,macetnya,NEG,0.9968
1921201655149720023,Sat May 10 13:52:23 +0000 2025,Tj,lanat,NEU,0.9973
1921201551374217530,Sat May 10 13:51:58 +0000 2025,APBD,kecil,NEG,1.0
1921200299466776974,Sat May 10 13:47:00 +0000 2025,tj,nangis,NEG,1.0
1921200184836390990,Sat May 10 13:46:32 +0000 2025,tj,hemat,POS,0.9999
1921200184836390990,Sat May 10 13:46:32 +0000 2025,tj,CUAPEK,NEG,1.0
1921200184836390990,Sat May 10 13:46:32 +0000 2025,TJ,CUAPEK,NEG,1.0
1921199189209342355,Sat May 10 13:42:35 +0000 2025,tj,kelewatan,NEG,1.0
1921198727005372451,Sat May 10 13:40:45 +0000 2025,TJ,TERBANG,NEU,0.9971
1921198166621163992,Sat May 10 13:38:31 +0000 2025,tj,SENYIM2,NEG,1.0
1921197213029462149,Sat May 10 13:34:44 +0000 2025,tj,ada,NEU,1.0
1921197070804816154,Sat May 10 13:34:10 +0000 2025,busway,adanya,NEU,1.0
1921196180593135910,Sat May 10 13:30:38 +0000 2025,TJ,Monterde,NEG,0.9238
1921195531834946009,Sat May 10 13:28:03 +0000 2025,transum,kecewa,NEG,0.8922
1921194766118666565,Sat May 10 13:25:00 +0000 2025,tj,rame,NEG,0.7967
1921194625953317168,Sat May 10 13:24:27 +0000 2025,tj,nyaman,POS,0.9999
1921194449532527022,Sat May 10 13:23:45 +0000 2025,bapak,Makasih,POS,0.9219
1921193783435124901,Sat May 10 13:21:06 +0000 2025,VO,Menikmati,POS,0.9962
1921193783435124901,Sat May 10 13:21:06 +0000 2025,TJ,Menikmati,POS,0.9937
1921192439689126054,Sat May 10 13:15:46 +0000 2025,busway,huek,NEG,1.0
1921188473911787815,Sat May 10 13:00:00 +0000 2025,Angkot,Tabrak,NEG,1.0
1921186650278768754,Sat May 10 12:52:46 +0000 2025,gantungannya,lucu,POS,0.9883
1921186631643496691,Sat May 10 12:52:41 +0000 2025,fisik,lemas,NEG,0.9988
1921184088779571217,Sat May 10 12:42:35 +0000 2025,tj,Gm,NEG,0.9936
1921183968533061881,Sat May 10 12:42:06 +0000 2025,tj,turun,NEU,1.0
1921183968533061881,Sat May 10 12:42:06 +0000 2025,tj,jauh,NEG,1.0
1921183720658079975,Sat May 10 12:41:07 +0000 2025,TJ,Laishey,NEG,0.9936
1921183456949592073,Sat May 10 12:40:04 +0000 2025,duit,banyak,POS,0.7592
1921183456949592073,Sat May 10 12:40:04 +0000 2025,pembangunan,minim,NEG,0.999
1921182834082914528,Sat May 10 12:37:36 +0000 2025,Tj,durumu,NEG,0.9999
1921182182648820086,Sat May 10 12:35:00 +0000 2025,Busway,bangke,NEG,1.0
1921180744564572561,Sat May 10 12:29:17 +0000 2025,bootsnya,kren,NEG,1.0
1921179272456045015,Sat May 10 12:23:26 +0000 2025,busway,muter2,NEG,1.0
1921178050131100058,Sat May 10 12:18:35 +0000 2025,TJ,lama,NEG,1.0
1921171691671040409,Sat May 10 11:53:19 +0000 2025,tj,Lagi,NEG,0.9253
1921170774989181323,Sat May 10 11:49:41 +0000 2025,tj,rem,NEG,1.0
1921170772732604485,Sat May 10 11:49:40 +0000 2025,cowonya,bisu,NEG,1.0
1921169600898601258,Sat May 10 11:45:01 +0000 2025,SHOPEE,Promo,POS,0.9964
1921169521903018355,Sat May 10 11:44:42 +0000 2025,SHOPEE,Promo,POS,0.9964
1921169380622114907,Sat May 10 11:44:08 +0000 2025,SHOPEE,Promo,POS,0.9964
1921169215572078950,Sat May 10 11:43:29 +0000 2025,SHOPEE,Promo,POS,0.9964
1921169070780555667,Sat May 10 11:42:54 +0000 2025,budget,neken,NEG,0.8519
1921169070780555667,Sat May 10 11:42:54 +0000 2025,tj,neken,POS,0.7078
1921168720380002479,Sat May 10 11:41:31 +0000 2025,nunggu,sendirian,NEG,1.0
1921166534627496389,Sat May 10 11:32:50 +0000 2025,tj,rusuh,NEG,1.0
1921166389022212129,Sat May 10 11:32:15 +0000 2025,TJ,MASIB,NEU,0.8115
1921166079402926330,Sat May 10 11:31:01 +0000 2025,petugas,gaada,NEG,1.0
1921166079402926330,Sat May 10 11:31:01 +0000 2025,petugas,chaos,NEG,0.6044
1921165044022235553,Sat May 10 11:26:54 +0000 2025,tj,rute,NEU,1.0
1921164810625904675,Sat May 10 11:25:59 +0000 2025,tj,berlaku,NEU,1.0
1921163700699816365,Sat May 10 11:21:34 +0000 2025,tj,lewat,NEU,0.9937
1921163048527462891,Sat May 10 11:18:58 +0000 2025,tj,ketinggalan,NEG,1.0
1921163048527462891,Sat May 10 11:18:58 +0000 2025,tj,cape,NEG,1.0
1921162454647595238,Sat May 10 11:16:37 +0000 2025,tj,padet,NEG,1.0
1921162454647595238,Sat May 10 11:16:37 +0000 2025,datengnya,padet,NEG,1.0
1921161361335210203,Sat May 10 11:12:16 +0000 2025,Pramusapa,ada,NEU,0.9965
1921160825185644821,Sat May 10 11:10:08 +0000 2025,jalur,gajelas,NEG,1.0
1921160512898748696,Sat May 10 11:08:54 +0000 2025,TJ,Buat,NEU,0.6549
1921160009188090197,Sat May 10 11:06:54 +0000 2025,pemberangkatan,terakhir,NEU,1.0
1921160009188090197,Sat May 10 11:06:54 +0000 2025,tj,terakhir,NEU,0.8183
1921159176899743797,Sat May 10 11:03:35 +0000 2025,busway,nyasar,NEG,1.0
1921158964743377016,Sat May 10 11:02:45 +0000 2025,tiketnya,seru,POS,0.9945
1921158964743377016,Sat May 10 11:02:45 +0000 2025,tj,seru,POS,0.9993
1921158964743377016,Sat May 10 11:02:45 +0000 2025,tiketnya,murah,POS,0.9953
1921158964743377016,Sat May 10 11:02:45 +0000 2025,tj,murah,POS,0.5471
1921157283104297259,Sat May 10 10:56:04 +0000 2025,transjakarta,cinta,POS,0.9944
1921157208693264632,Sat May 10 10:55:46 +0000 2025,MC1,Nyaman,POS,0.9999
1921157208693264632,Sat May 10 10:55:46 +0000 2025,tj,Nyaman,POS,1.0
1921156800398622811,Sat May 10 10:54:09 +0000 2025,saldo,potong,NEG,1.0
1921151163535139217,Sat May 10 10:31:45 +0000 2025,tj,ada,NEU,1.0
1921148785226305604,Sat May 10 10:22:18 +0000 2025,tj,Iyatd,POS,0.9523
1921148649918066940,Sat May 10 10:21:46 +0000 2025,tj,cakep,POS,0.7351
1921148297005138138,Sat May 10 10:20:21 +0000 2025,tj,naik,NEU,1.0
1921147005617008789,Sat May 10 10:15:13 +0000 2025,Gedung,diresmikan,NEU,0.9999
1921146852918825236,Sat May 10 10:14:37 +0000 2025,tj,duduk,POS,1.0
1921145615842521535,Sat May 10 10:09:42 +0000 2025,transjakarta,jarang,NEG,0.9778
1921143615885111297,Sat May 10 10:01:45 +0000 2025,tj,gratis,POS,1.0
1921143085620248918,Sat May 10 09:59:39 +0000 2025,Jaklingko,murah,POS,0.9998
1921143085620248918,Sat May 10 09:59:39 +0000 2025,Jaklingko,nyaman,POS,0.9657
1921143063172288537,Sat May 10 09:59:34 +0000 2025,TJ,mahal,NEG,1.0
1921143063172288537,Sat May 10 09:59:34 +0000 2025,KJP,hilang,NEG,1.0
1921140624666903009,Sat May 10 09:49:52 +0000 2025,turun,enaknya,POS,0.9212
1921139323694416341,Sat May 10 09:44:42 +0000 2025,Transjakarta,jarang,NEG,0.8412
1921138552252903926,Sat May 10 09:41:38 +0000 2025,petugas,penuh,NEG,1.0
1921138132281602438,Sat May 10 09:39:58 +0000 2025,busway,bisa,NEU,1.0
1921135358177149310,Sat May 10 09:28:57 +0000 2025,headset,berisik,NEG,1.0
1921135256003923996,Sat May 10 09:28:32 +0000 2025,busway,jadwal,NEU,1.0
1921134637973184801,Sat May 10 09:26:05 +0000 2025,busway,ada,NEU,0.9373
1921134317557678361,Sat May 10 09:24:48 +0000 2025,spot,duduk,POS,0.9961
1921134317557678361,Sat May 10 09:24:48 +0000 2025,spot,terbaik,POS,0.9965
1921133243304120417,Sat May 10 09:20:32 +0000 2025,kos,range,NEU,0.8979
1921132870346674574,Sat May 10 09:19:03 +0000 2025,tj,bisa,NEU,1.0
1921129724341784924,Sat May 10 09:06:33 +0000 2025,busway,bau,NEG,1.0
1921129724341784924,Sat May 10 09:06:33 +0000 2025,kaos,bau,NEG,0.9997
1921128836856443375,Sat May 10 09:03:02 +0000 2025,tj,berdiri,NEG,1.0
1921128709370589483,Sat May 10 09:02:31 +0000 2025,Satreskrim,Berkah,POS,0.7111
1921128613925052573,Sat May 10 09:02:09 +0000 2025,Mukanya,bete,NEG,1.0
1921128613925052573,Sat May 10 09:02:09 +0000 2025,tj,bete,NEG,0.7303
1921128613925052573,Sat May 10 09:02:09 +0000 2025,Mukanya,desek,NEG,1.0
1921128613925052573,Sat May 10 09:02:09 +0000 2025,tj,desek,NEG,1.0
1921128613925052573,Sat May 10 09:02:09 +0000 2025,Mukanya,desekan,NEG,1.0
1921128613925052573,Sat May 10 09:02:09 +0000 2025,tj,desekan,NEG,1.0
1921127303209267496,Sat May 10 08:56:56 +0000 2025,angkot,nyaman,POS,0.9821
1921127303209267496,Sat May 10 08:56:56 +0000 2025,ngetem,nyaman,POS,0.9944
1921125239653605849,Sat May 10 08:48:44 +0000 2025,tj,ditenggalamkan,NEG,0.9883
1921124169388802291,Sat May 10 08:44:29 +0000 2025,tj,kebablasan,NEG,0.998
1921123004190269726,Sat May 10 08:39:51 +0000 2025,tj,rute,NEU,1.0
1921121268608221447,Sat May 10 08:32:57 +0000 2025,pelayanan,kepuasan,POS,0.9969
1921121268608221447,Sat May 10 08:32:57 +0000 2025,Transjakarta,kepuasan,POS,0.9981
1921120902449664267,Sat May 10 08:31:30 +0000 2025,halte,ada,NEU,0.9693
1921120902449664267,Sat May 10 08:31:30 +0000 2025,petugasnya,ada,NEU,1.0
1921120609766895915,Sat May 10 08:30:20 +0000 2025,transum,enak,POS,0.9992
1921120609766895915,Sat May 10 08:30:20 +0000 2025,rmhnya,jauh,NEG,1.0
1921120609766895915,Sat May 10 08:30:20 +0000 2025,transum,bebas,POS,0.7016
1921119657928380464,Sat May 10 08:26:33 +0000 2025,TJ,BOTTOMING,NEG,1.0
1921117469982261288,Sat May 10 08:17:52 +0000 2025,ngantrinya,kuat,NEG,1.0
1921117469982261288,Sat May 10 08:17:52 +0000 2025,ngantrinya,nyasar,NEG,0.5053
1921114928364073393,Sat May 10 08:07:46 +0000 2025,busway,beroperasi,NEU,1.0
1921111975272079669,Sat May 10 07:56:02 +0000 2025,ongkos,hemat,POS,0.9952
1921110845590839651,Sat May 10 07:51:32 +0000 2025,Halte,Galunggung,NEG,0.9989
1921109936282427500,Sat May 10 07:47:55 +0000 2025,Transjakarta,Tutorial,POS,0.7757
1921109390452535382,Sat May 10 07:45:45 +0000 2025,tj,dinginnya,NEG,0.8501
1921108627198296543,Sat May 10 07:42:43 +0000 2025,tj,gampang,POS,1.0
1921106298990481708,Sat May 10 07:33:28 +0000 2025,menunggu,gabisa,NEG,1.0
1921106245865382079,Sat May 10 07:33:16 +0000 2025,10D,beroperasi,NEU,1.0
1921102451542782357,Sat May 10 07:18:11 +0000 2025,TJ,capeeek,NEG,0.9862
1921100976200597926,Sat May 10 07:12:19 +0000 2025,tj,kagok,NEG,0.949
1921100976200597926,Sat May 10 07:12:19 +0000 2025,tj,bablas,NEG,1.0
1921099895030653349,Sat May 10 07:08:01 +0000 2025,Tj,gratis,POS,0.9932
1921099895030653349,Sat May 10 07:08:01 +0000 2025,Tj,gratis,POS,0.9196
1921099895030653349,Sat May 10 07:08:01 +0000 2025,transportasi,terjangkau,POS,1.0
1921099362639175965,Sat May 10 07:05:55 +0000 2025,uang,haram,NEG,1.0
1921099313716830573,Sat May 10 07:05:43 +0000 2025,tj,berdiri,NEG,0.699
1921099313716830573,Sat May 10 07:05:43 +0000 2025,tj,kepental,NEG,1.0
1921098964536857000,Sat May 10 07:04:20 +0000 2025,tj,macet,NEG,1.0
1921098964536857000,Sat May 10 07:04:20 +0000 2025,jis,macet,NEG,1.0
1921098382354833468,Sat May 10 07:02:01 +0000 2025,tj,kedinginan,NEG,1.0
1921098185285529873,Sat May 10 07:01:14 +0000 2025,Tj,ND,NEG,0.9923
1921097734922105144,Sat May 10 06:59:26 +0000 2025,TJ,ada,NEU,1.0
1921094095629353387,Sat May 10 06:44:59 +0000 2025,pramudi,kecelakaan,NEG,1.0
1921093603780132958,Sat May 10 06:43:01 +0000 2025,drivernya,kurang,NEG,1.0
1921093603780132958,Sat May 10 06:43:01 +0000 2025,training,kurang,NEG,1.0
1921092667825434754,Sat May 10 06:39:18 +0000 2025,piutangnya,gedean,POS,0.7037
1921092561411645773,Sat May 10 06:38:53 +0000 2025,Angkot,gratis,POS,1.0
1921092451827064911,Sat May 10 06:38:27 +0000 2025,armada,cpt,POS,0.9999
1921092380528136687,Sat May 10 06:38:10 +0000 2025,akses,gampang,POS,0.9976
1921092199665533308,Sat May 10 06:37:27 +0000 2025,tj,ada,NEU,1.0
1921090564818092477,Sat May 10 06:30:57 +0000 2025,tj,kecuriga,NEG,1.0
1921090564818092477,Sat May 10 06:30:57 +0000 2025,kecuriga,curi,NEG,0.6301
1921090564818092477,Sat May 10 06:30:57 +0000 2025,tj,curi,NEG,1.0
1921090124680421380,Sat May 10 06:29:12 +0000 2025,busway,gaduh,NEG,0.9917
1921088596938789201,Sat May 10 06:23:08 +0000 2025,TJ,garang,POS,0.7836
1921087900738883952,Sat May 10 06:20:22 +0000 2025,HALTE,DIBUAT,NEU,0.9897
1921087197312057477,Sat May 10 06:17:34 +0000 2025,tj,masih,NEU,1.0
1921085278912938261,Sat May 10 06:09:57 +0000 2025,tj,muter2,NEG,1.0
1921082587327389705,Sat May 10 05:59:15 +0000 2025,Tj,julidin,NEG,1.0
1921081704745214151,Sat May 10 05:55:45 +0000 2025,tarif,gratisin,POS,0.9801
1921080824339791887,Sat May 10 05:52:15 +0000 2025,busway,seenak,POS,0.9998
1921078966518997047,Sat May 10 05:44:52 +0000 2025,eskalotr,nyala,NEU,0.8907
1921078888748216794,Sat May 10 05:44:33 +0000 2025,tj,jurusan,NEU,0.9988
1921077059893260590,Sat May 10 05:37:17 +0000 2025,KARTU,ILANG,NEG,1.0
1921075956137009373,Sat May 10 05:32:54 +0000 2025,Anaknya,jatoh,NEG,1.0
1921075956137009373,Sat May 10 05:32:54 +0000 2025,tj,jatoh,NEG,0.9999
1921075190491918388,Sat May 10 05:29:51 +0000 2025,busway,Nyengir,NEG,1.0
1921073956305453233,Sat May 10 05:24:57 +0000 2025,transum,gratis,POS,1.0
1921073174277402962,Sat May 10 05:21:51 +0000 2025,tj,BERDESAKAN,NEG,1.0
1921072330022793261,Sat May 10 05:18:29 +0000 2025,tj,riweh,NEG,1.0
1921070545359024398,Sat May 10 05:11:24 +0000 2025,tj,gratis,POS,1.0
1921067505247830195,Sat May 10 04:59:19 +0000 2025,nunggu,lagi,NEG,1.0
1921067232680984784,Sat May 10 04:58:14 +0000 2025,busnya,padet,NEG,1.0
1921067081123975423,Sat May 10 04:57:38 +0000 2025,pondok,macet,NEG,0.9998
1921067081123975423,Sat May 10 04:57:38 +0000 2025,tj,macet,NEG,1.0
1921066408567345631,Sat May 10 04:54:58 +0000 2025,tj,kocak,NEG,1.0
1921066271044489229,Sat May 10 04:54:25 +0000 2025,tj,Masalahnya,NEG,0.9947
1921066271044489229,Sat May 10 04:54:25 +0000 2025,tj,dateng,NEU,0.9999
1921065902914617823,Sat May 10 04:52:57 +0000 2025,Jaklingko,Gratis,POS,1.0
1921065542745567548,Sat May 10 04:51:31 +0000 2025,bis,penuh,NEG,1.0
1921065542745567548,Sat May 10 04:51:31 +0000 2025,bis,berdiri,NEG,1.0
1921064957979881612,Sat May 10 04:49:12 +0000 2025,bus,beroperasi,NEU,0.9999
1921064862748184588,Sat May 10 04:48:49 +0000 2025,tj,mayan,POS,0.9999
1921064121765675386,Sat May 10 04:45:52 +0000 2025,tj,ketinggalan,NEG,1.0
1921063701773156419,Sat May 10 04:44:12 +0000 2025,TJ,rute,NEU,1.0
1921062933435465968,Sat May 10 04:41:09 +0000 2025,TJ,bisa,NEU,1.0
1921060587091489026,Sat May 10 04:31:50 +0000 2025,nunggu,Lagi,NEG,1.0
1921060325383659881,Sat May 10 04:30:47 +0000 2025,busway,jadi,NEU,0.6907
1921060126657835470,Sat May 10 04:30:00 +0000 2025,TransJakarta,gratis,POS,0.9998
1921057276573384882,Sat May 10 04:18:40 +0000 2025,busway,random,NEG,1.0
1921056254371213435,Sat May 10 04:14:37 +0000 2025,TJ,baik,POS,0.9999
1921055776887460044,Sat May 10 04:12:43 +0000 2025,jaklingko,gratis,POS,0.9949
1921055776887460044,Sat May 10 04:12:43 +0000 2025,jaklingko,gratis,POS,0.9999
1921055776887460044,Sat May 10 04:12:43 +0000 2025,transjakarta,terjangkau,POS,0.9435
1921054753791844845,Sat May 10 04:08:39 +0000 2025,tj,gampang,POS,1.0
1921053673242636654,Sat May 10 04:04:21 +0000 2025,tj,ending,NEU,0.9999
1921053335013970059,Sat May 10 04:03:01 +0000 2025,tj,ketinggalan,NEG,1.0
1921052905953440055,Sat May 10 04:01:18 +0000 2025,tj,singkatan,POS,0.598
1922078949804216417,Mon May 12 23:58:26 +0000 2025,TJ,Leaf,NEU,0.8791
1922078846351765568,Mon May 12 23:58:02 +0000 2025,busway,dikit,NEG,1.0
1922070623624319235,Mon May 12 23:25:21 +0000 2025,TJ,MANA,NEG,0.9999
1922067791395377259,Mon May 12 23:14:06 +0000 2025,TJ,YUH,POS,0.9927
1922066125291962431,Mon May 12 23:07:29 +0000 2025,tj,desek,NEG,1.0
1922066125291962431,Mon May 12 23:07:29 +0000 2025,tj,desekan,NEG,1.0
1922064783542505703,Mon May 12 23:02:09 +0000 2025,busway,dikurangii,NEG,1.0
1922024918004224210,Mon May 12 20:23:44 +0000 2025,trotoar,Nerobos,NEG,1.0
1922024918004224210,Mon May 12 20:23:44 +0000 2025,jalur,Nerobos,NEG,1.0
1922024918004224210,Mon May 12 20:23:44 +0000 2025,jalur,trotoar,NEG,0.6184
1922024918004224210,Mon May 12 20:23:44 +0000 2025,trotoar,Nerobos,NEG,0.9982
1922024918004224210,Mon May 12 20:23:44 +0000 2025,jalur,Nerobos,NEG,1.0
1922023523255558561,Mon May 12 20:18:12 +0000 2025,TJ,Gm,NEG,0.9936
1922017154913743269,Mon May 12 19:52:53 +0000 2025,Tj,dillashaw,NEG,0.7369
1922000254607458384,Mon May 12 18:45:44 +0000 2025,TJ,Hi,NEU,0.5766
1921995983329665224,Mon May 12 18:28:46 +0000 2025,nunggu,lamaa,NEG,1.0
1921995977721889235,Mon May 12 18:28:44 +0000 2025,tj,Yea,NEU,0.9957
1921990658622992643,Mon May 12 18:07:36 +0000 2025,Transum,cocok,POS,0.9163
1921986440981831972,Mon May 12 17:50:50 +0000 2025,tmpt,mahal,NEG,1.0
1921971873073496066,Mon May 12 16:52:57 +0000 2025,tj,naik,NEU,0.8749
1921967981271109866,Mon May 12 16:37:29 +0000 2025,busway,ngebut,NEG,1.0
1921965837948199395,Mon May 12 16:28:58 +0000 2025,jo,kehalang,NEG,0.567
1921965837948199395,Mon May 12 16:28:58 +0000 2025,jo,egois,NEG,0.9885
1921965605583749364,Mon May 12 16:28:03 +0000 2025,akses,banyak,POS,0.9826
1921965605583749364,Mon May 12 16:28:03 +0000 2025,transumnya,banyak,POS,0.9316
1921961216693473317,Mon May 12 16:10:37 +0000 2025,TJ,Gm,NEG,0.9936
1921961165174739062,Mon May 12 16:10:24 +0000 2025,transum,enak,POS,1.0
1921960613359558828,Mon May 12 16:08:13 +0000 2025,tj,nyusul,POS,0.6196
1921960276204675549,Mon May 12 16:06:52 +0000 2025,Tj,bisa,NEU,0.985
1921960276204675549,Mon May 12 16:06:52 +0000 2025,Tj,turun,NEU,1.0
1921958022357692693,Mon May 12 15:57:55 +0000 2025,busway,ditutup,NEG,0.9984
1921956881305682347,Mon May 12 15:53:23 +0000 2025,tj,ada,NEU,1.0
1921956190092706128,Mon May 12 15:50:38 +0000 2025,Bonceng,jarak,NEG,0.7826
1921955597907370081,Mon May 12 15:48:17 +0000 2025,tj,lewat,NEU,0.5583
1921955597907370081,Mon May 12 15:48:17 +0000 2025,6D,lewat,NEU,0.9999
1921955098369896653,Mon May 12 15:46:18 +0000 2025,tj,stress,NEG,0.866
1921954009155272799,Mon May 12 15:41:58 +0000 2025,koridornya,ada,NEG,0.6557
1921953158193967318,Mon May 12 15:38:35 +0000 2025,busway,caper,NEG,0.9998
1921953158193967318,Mon May 12 15:38:35 +0000 2025,jalur,caper,NEG,1.0
1921953148987408406,Mon May 12 15:38:33 +0000 2025,selebtiktok,agamis,POS,0.8633
1921953148987408406,Mon May 12 15:38:33 +0000 2025,selebtiktok,gaul,POS,0.6878
1921952720136601696,Mon May 12 15:36:51 +0000 2025,tj,bisa,NEU,1.0
1921950263574766043,Mon May 12 15:27:05 +0000 2025,tj,aneh,NEG,1.0
1921950263574766043,Mon May 12 15:27:05 +0000 2025,tj,canggung,NEG,1.0
1921948301772902472,Mon May 12 15:19:17 +0000 2025,transjakarta,yuks,POS,0.8544
1921948301772902472,Mon May 12 15:19:17 +0000 2025,transjakarta,ogah,NEG,1.0
1921946936661180527,Mon May 12 15:13:52 +0000 2025,busway,kacau,NEG,1.0
1921946865483801041,Mon May 12 15:13:35 +0000 2025,angkot,free,POS,0.9991
1921944552488702309,Mon May 12 15:04:23 +0000 2025,relasi,luass,POS,0.9889
1921944043442823666,Mon May 12 15:02:22 +0000 2025,tj,bagus,POS,0.9969
1921942734941610265,Mon May 12 14:57:10 +0000 2025,TJ,tamakii,NEG,1.0
1921941910320484385,Mon May 12 14:53:54 +0000 2025,tj,bingung,NEG,1.0
1921940298982162729,Mon May 12 14:47:29 +0000 2025,kapal,karam,NEG,1.0
1921939422951432498,Mon May 12 14:44:00 +0000 2025,satpam,mojok,NEG,1.0
1921939422951432498,Mon May 12 14:44:00 +0000 2025,satpam,ngerokok,NEG,0.9993
1921937417189113870,Mon May 12 14:36:02 +0000 2025,tj,bangsat,NEG,1.0
1921937010048016485,Mon May 12 14:34:25 +0000 2025,tj,isi,NEU,0.9997
1921933781121859598,Mon May 12 14:21:35 +0000 2025,TJ,sepi,POS,1.0
1921933182821097509,Mon May 12 14:19:13 +0000 2025,baterai,aman,POS,0.9997
1921930883038093533,Mon May 12 14:10:04 +0000 2025,antrian,Rame,NEG,0.9998
1921928879238795684,Mon May 12 14:02:07 +0000 2025,agency,dodol,NEG,0.9208
1921928169629642857,Mon May 12 13:59:17 +0000 2025,parfum,saran,NEU,0.9991
1921927775084073161,Mon May 12 13:57:43 +0000 2025,TJ,Boleh,NEU,1.0
1921924895065186750,Mon May 12 13:46:17 +0000 2025,TRANSJAKARTA,KEJEPIT,NEG,0.9998
1921924895065186750,Mon May 12 13:46:17 +0000 2025,TRANSJAKARTA,JEPIT,NEG,0.8243
1921921678013067712,Mon May 12 13:33:30 +0000 2025,operasionalnya,kurang,NEG,1.0
1921921678013067712,Mon May 12 13:33:30 +0000 2025,operasionalnya,efisien,NEG,0.4445
1921920780511695334,Mon May 12 13:29:56 +0000 2025,perut,bolong,NEG,0.9988
1921920780511695334,Mon May 12 13:29:56 +0000 2025,kaki,lemes,NEG,1.0
1921919775711645984,Mon May 12 13:25:56 +0000 2025,tj,loser,NEG,0.9999
1921919256079257917,Mon May 12 13:23:52 +0000 2025,Transjakarta,gaada,NEG,1.0
1921916859072266325,Mon May 12 13:14:21 +0000 2025,6H,buluk,NEG,0.9609
1921916676703928562,Mon May 12 13:13:37 +0000 2025,Jalur,disikat,NEG,1.0
1921916250768253014,Mon May 12 13:11:56 +0000 2025,TJ,GM,NEG,0.9936
1921916072678052160,Mon May 12 13:11:13 +0000 2025,tasnya,jarang,NEG,1.0
1921915830511579402,Mon May 12 13:10:16 +0000 2025,busway,gabisa,NEG,1.0
1921915095971488248,Mon May 12 13:07:20 +0000 2025,turun,kelewatan,NEG,1.0
1921915095971488248,Mon May 12 13:07:20 +0000 2025,tj,kelewatan,NEG,1.0
1921914262890414108,Mon May 12 13:04:02 +0000 2025,bus,menarik,POS,1.0
1921914262890414108,Mon May 12 13:04:02 +0000 2025,tj,menarik,POS,1.0
1921911892215476286,Mon May 12 12:54:37 +0000 2025,busway,rute,NEG,0.7441
1921911504753905905,Mon May 12 12:53:04 +0000 2025,nunggu,Lgi,NEG,0.8385
1921909045130117256,Mon May 12 12:43:18 +0000 2025,tj,ngakak,NEG,1.0
1921908919884034381,Mon May 12 12:42:48 +0000 2025,tj,gasabar,NEG,0.9871
1921906725822541858,Mon May 12 12:34:05 +0000 2025,antrean,Nyerobot,NEG,1.0
1921905079684096217,Mon May 12 12:27:32 +0000 2025,tj,mual,NEG,1.0
1921903298438639753,Mon May 12 12:20:28 +0000 2025,gaji,tinggi,POS,0.9999
1921903298438639753,Mon May 12 12:20:28 +0000 2025,transum,approved,POS,0.9818
1921902153817280981,Mon May 12 12:15:55 +0000 2025,kuota,abis,NEG,1.0
1921901810308067558,Mon May 12 12:14:33 +0000 2025,TJ,Gm,NEU,0.9445
1921901654162436318,Mon May 12 12:13:56 +0000 2025,busway,turun,NEU,1.0
1921899700489261166,Mon May 12 12:06:10 +0000 2025,pt_transjakarta,bohongnya,NEG,0.9996
1921895361595023492,Mon May 12 11:48:55 +0000 2025,Adik,Manis,POS,0.9962
1921895361595023492,Mon May 12 11:48:55 +0000 2025,Transjakarta,Manis,POS,0.9852
1921895082912842052,Mon May 12 11:47:49 +0000 2025,busway,cekikan,NEG,1.0
1921891627968139722,Mon May 12 11:34:05 +0000 2025,Jalur,Spill,NEG,1.0
1921889043643584803,Mon May 12 11:23:49 +0000 2025,tj,banyak,POS,0.9991
1921889043643584803,Mon May 12 11:23:49 +0000 2025,jaklingko,banyak,POS,0.9993
1921888908276609180,Mon May 12 11:23:17 +0000 2025,busway,enak,POS,0.9999
1921885653802910059,Mon May 12 11:10:21 +0000 2025,Busway,banyak,POS,0.9969
1921885653802910059,Mon May 12 11:10:21 +0000 2025,rutenya,banyak,POS,0.9997
1921885515613143421,Mon May 12 11:09:48 +0000 2025,tarif,integrasi,POS,0.9998
1921885273434063223,Mon May 12 11:08:50 +0000 2025,perjalanan,santai,POS,0.6766
1921885113186443664,Mon May 12 11:08:12 +0000 2025,hp,ketinggalan,NEG,1.0
1921884956319490164,Mon May 12 11:07:35 +0000 2025,tj,nyasar,NEG,1.0
1921884270554931220,Mon May 12 11:04:51 +0000 2025,Tj,GM,NEG,0.9936
1921884145677946912,Mon May 12 11:04:21 +0000 2025,jajannya,mahal,NEG,1.0
1921883546731389030,Mon May 12 11:01:59 +0000 2025,tj,naikin,NEU,0.9944
1921882799163789558,Mon May 12 10:59:00 +0000 2025,transjakarta,persiapan,NEU,0.9968
1921882555185332663,Mon May 12 10:58:02 +0000 2025,tj,Bisa,POS,0.9998
1921882152603459679,Mon May 12 10:56:26 +0000 2025,harganya,murah,POS,0.9715
1921881877033427256,Mon May 12 10:55:20 +0000 2025,tj,bisa,POS,0.9926
1921881877033427256,Mon May 12 10:55:20 +0000 2025,1p,bisa,NEU,0.998
1921881877033427256,Mon May 12 10:55:20 +0000 2025,tj,turun,NEU,0.6839
1921881877033427256,Mon May 12 10:55:20 +0000 2025,1p,turun,NEU,1.0
1921880826624487648,Mon May 12 10:51:10 +0000 2025,TJ,Goodbye,NEG,0.9996
1921880552359014537,Mon May 12 10:50:05 +0000 2025,Spot,bengong,NEG,1.0
1921878579706565041,Mon May 12 10:42:14 +0000 2025,transportasi,bagusnya,NEU,0.9714
1921877841458659618,Mon May 12 10:39:18 +0000 2025,madu,Bisa,NEU,0.8219
1921877841458659618,Mon May 12 10:39:18 +0000 2025,TJ,Bisa,NEU,0.9867
1921877368089538703,Mon May 12 10:37:25 +0000 2025,transjakarta,eror,NEG,1.0
1921873589801800042,Mon May 12 10:22:25 +0000 2025,JakMob,terintegrasi,POS,0.9989
1921872967379616074,Mon May 12 10:19:56 +0000 2025,rute,salah,NEG,1.0
1921872840732639553,Mon May 12 10:19:26 +0000 2025,tj,zonk,NEG,1.0
1921872733157147096,Mon May 12 10:19:00 +0000 2025,tj,Jebr,NEG,1.0
1921872733157147096,Mon May 12 10:19:00 +0000 2025,tj,rurbwh,NEG,1.0
1921872315521835164,Mon May 12 10:17:21 +0000 2025,LP,Yadav,NEU,0.8931
1921872315521835164,Mon May 12 10:17:21 +0000 2025,TJ,Yadav,NEU,0.4368
1921872315521835164,Mon May 12 10:17:21 +0000 2025,TJ,YADAV,NEU,0.8197
1921872277840216370,Mon May 12 10:17:12 +0000 2025,tj,ketinggalan,NEG,1.0
1921871804706017715,Mon May 12 10:15:19 +0000 2025,transjakarta,lewat,NEU,1.0
1921871804706017715,Mon May 12 10:15:19 +0000 2025,somay,gaada,NEG,0.9803
1921871281642729552,Mon May 12 10:13:14 +0000 2025,mrt,sepi,POS,0.9043
1921871281642729552,Mon May 12 10:13:14 +0000 2025,tj,sepi,POS,1.0
1921870594842190257,Mon May 12 10:10:31 +0000 2025,busway,sempit2an,NEG,1.0
1921870594842190257,Mon May 12 10:10:31 +0000 2025,parfum,sempit2an,NEG,1.0
1921870594842190257,Mon May 12 10:10:31 +0000 2025,wangi,seger,POS,0.8412
1921870256693202952,Mon May 12 10:09:10 +0000 2025,bsd,gratis,POS,0.9982
1921866234628333826,Mon May 12 09:53:11 +0000 2025,merek,desak2an,NEG,1.0
1921866234628333826,Mon May 12 09:53:11 +0000 2025,Busway,desak2an,NEG,1.0
1921863629919379640,Mon May 12 09:42:50 +0000 2025,tj,ada,NEU,1.0
1921863189639086438,Mon May 12 09:41:05 +0000 2025,tj,ngntuk,NEG,1.0
1921862527064969561,Mon May 12 09:38:27 +0000 2025,TJ,naik,NEU,1.0
1921861948011884836,Mon May 12 09:36:09 +0000 2025,tj,Rv,NEG,0.9968
1921861500362203467,Mon May 12 09:34:22 +0000 2025,TJ,ditolak,NEG,1.0
1921860263524888764,Mon May 12 09:29:27 +0000 2025,tj,ngantuk,NEG,1.0
1921859028403040492,Mon May 12 09:24:33 +0000 2025,tarif,2k,NEU,0.9812
1921856965178790314,Mon May 12 09:16:21 +0000 2025,transumnya,best,POS,0.963
1921853283557118165,Mon May 12 09:01:43 +0000 2025,tj,engap,NEG,1.0
1921851675381268629,Mon May 12 08:55:20 +0000 2025,tj,Tamat,NEG,0.9997
1921851675381268629,Mon May 12 08:55:20 +0000 2025,pertransuman,Tamat,NEG,0.9979
1921849696101847466,Mon May 12 08:47:28 +0000 2025,tj,brutal,NEG,0.877
1921849696101847466,Mon May 12 08:47:28 +0000 2025,salting,brutal,NEG,1.0
1921849630842597795,Mon May 12 08:47:12 +0000 2025,tj,Tama,POS,0.9675
1921848914791068057,Mon May 12 08:44:22 +0000 2025,tj,padatnya,NEG,0.9941
1921848768833470759,Mon May 12 08:43:47 +0000 2025,barang,hilang,NEG,1.0
1921847329075679376,Mon May 12 08:38:04 +0000 2025,transum,sesaknya,NEG,0.7136
1921846750966390813,Mon May 12 08:35:46 +0000 2025,tj,kosong,NEU,1.0
1921843253541781794,Mon May 12 08:21:52 +0000 2025,tj,telat,NEG,1.0
1921842308498039190,Mon May 12 08:18:07 +0000 2025,saldo,kepotong,NEG,1.0
1921837049121845679,Mon May 12 07:57:13 +0000 2025,ekonomi,macet,NEG,1.0
1921837049121845679,Mon May 12 07:57:13 +0000 2025,ekonomi,bergerak,POS,0.9781
1921834906792972365,Mon May 12 07:48:42 +0000 2025,aromanya,semerbak,NEG,1.0
1921828983882051817,Mon May 12 07:25:10 +0000 2025,tj,kena,NEG,1.0
1921828983882051817,Mon May 12 07:25:10 +0000 2025,tj,macet,NEG,1.0
1921828983882051817,Mon May 12 07:25:10 +0000 2025,tj,stress,NEG,0.9908
1921828983882051817,Mon May 12 07:25:10 +0000 2025,tj,tua,NEG,0.9977
1921824442755260498,Mon May 12 07:07:07 +0000 2025,Tj,Gm,POS,0.7026
1921824240665276750,Mon May 12 07:06:19 +0000 2025,busway,selam,POS,1.0
1921823374562476350,Mon May 12 07:02:52 +0000 2025,tj,Siap,POS,0.9976
1921821317000544377,Mon May 12 06:54:42 +0000 2025,tj,ngadem,NEG,1.0
1921819508034941320,Mon May 12 06:47:31 +0000 2025,tj,enak,POS,1.0
1921818409940992374,Mon May 12 06:43:09 +0000 2025,Transjakarta,beroperasi,NEU,1.0
1921817653099757894,Mon May 12 06:40:08 +0000 2025,durasinya,sealbum,NEG,0.7057
1921814198037705193,Mon May 12 06:26:25 +0000 2025,TJ,ada,NEU,1.0
1921814019389767845,Mon May 12 06:25:42 +0000 2025,Tj,lancar,POS,0.9997
1921813972207984863,Mon May 12 06:25:31 +0000 2025,TJ,gabut,NEG,0.9999
1921810467653038399,Mon May 12 06:11:35 +0000 2025,busway,lemes,NEG,1.0
1921809730256650730,Mon May 12 06:08:39 +0000 2025,tj,gabisa,NEG,0.7012
1921809730256650730,Mon May 12 06:08:39 +0000 2025,scan,gabisa,NEG,1.0
1921808793618264521,Mon May 12 06:04:56 +0000 2025,photoism,gada,NEG,0.9669
1921808296807121057,Mon May 12 06:02:58 +0000 2025,jaklingko,gratis,POS,1.0
1921808296807121057,Mon May 12 06:02:58 +0000 2025,busway,gratis,POS,1.0
1921803894734156103,Mon May 12 05:45:28 +0000 2025,tj,Trimakasi,POS,0.9089
1921802682303484356,Mon May 12 05:40:39 +0000 2025,SIANGGG,bagus,POS,0.9937
1921802136347726168,Mon May 12 05:38:29 +0000 2025,TJ,dirombak,NEG,1.0
1921797201447031264,Mon May 12 05:18:52 +0000 2025,cahol,bisa,NEU,1.0
1921795577706094988,Mon May 12 05:12:25 +0000 2025,miniso,bAGUS,POS,1.0
1921792289518559285,Mon May 12 04:59:21 +0000 2025,antrian,norak,NEG,1.0
1921789832335905094,Mon May 12 04:49:35 +0000 2025,touring,suka,POS,0.8889
1921788700100288785,Mon May 12 04:45:05 +0000 2025,Busway,desak,NEG,1.0
1921787290784879031,Mon May 12 04:39:29 +0000 2025,ac,susah,NEG,0.897
1921787290784879031,Mon May 12 04:39:29 +0000 2025,ac,macet,NEG,0.9997
1921786290300694926,Mon May 12 04:35:31 +0000 2025,TJ,bisa,POS,0.8253
1921780518753837500,Mon May 12 04:12:35 +0000 2025,transum,penuh,NEG,1.0
1921779032556704178,Mon May 12 04:06:40 +0000 2025,busway,macet,NEG,1.0
1921779032556704178,Mon May 12 04:06:40 +0000 2025,busway,padat,NEG,0.9938
1921778542204899797,Mon May 12 04:04:44 +0000 2025,kode,bener,POS,0.5441
1921778542204899797,Mon May 12 04:04:44 +0000 2025,aRAHNYA,SALAH,NEG,1.0
1921777368680599916,Mon May 12 04:00:04 +0000 2025,grab,Mahal,NEG,1.0
1921777222135750677,Mon May 12 03:59:29 +0000 2025,7k,pp,NEU,0.7581
1921777222135750677,Mon May 12 03:59:29 +0000 2025,tj,pp,POS,0.5361
1921777222135750677,Mon May 12 03:59:29 +0000 2025,30k,pp,NEU,0.5019
1921776850751074439,Mon May 12 03:58:00 +0000 2025,7000,pp,NEU,0.9963
1921776850751074439,Mon May 12 03:58:00 +0000 2025,tj,pp,POS,0.6184
1921774463802036350,Mon May 12 03:48:31 +0000 2025,K,lama,NEG,0.7505
1921774463802036350,Mon May 12 03:48:31 +0000 2025,Tj,lama,NEG,1.0
1921770615788208570,Mon May 12 03:33:14 +0000 2025,TJ,ditonton,POS,0.9942
1921765511014015349,Mon May 12 03:12:57 +0000 2025,busway,murah,POS,1.0
1921764431022739714,Mon May 12 03:08:39 +0000 2025,transitnya,kepanasan,NEG,1.0
1921763655583932805,Mon May 12 03:05:34 +0000 2025,truk,keguling,NEG,0.9999
1921763655583932805,Mon May 12 03:05:34 +0000 2025,TJ,keguling,NEG,1.0
1921763655583932805,Mon May 12 03:05:34 +0000 2025,TJ,gabisa,NEG,0.9994
1921763181724144054,Mon May 12 03:03:41 +0000 2025,tj,rute,NEU,0.9778
1921761825881743802,Mon May 12 02:58:18 +0000 2025,busway,sampe,NEU,1.0
1921761825881743802,Mon May 12 02:58:18 +0000 2025,7A,sampe,NEU,0.9933
1921759422184890806,Mon May 12 02:48:45 +0000 2025,tj,enak,POS,0.9996
1921757770606367047,Mon May 12 02:42:11 +0000 2025,TJ,tersedia,NEU,1.0
1921757770606367047,Mon May 12 02:42:11 +0000 2025,5N,tersedia,NEU,1.0
1921757493497106481,Mon May 12 02:41:05 +0000 2025,Venue,mumpuni,POS,0.9999
1921753860122558895,Mon May 12 02:26:39 +0000 2025,rute,naik,NEU,1.0
1921753860122558895,Mon May 12 02:26:39 +0000 2025,tj,naik,NEU,1.0
1921748034435596498,Mon May 12 02:03:30 +0000 2025,gajinya,umr,NEU,0.7481
1921746264170864833,Mon May 12 01:56:28 +0000 2025,ibu,keren,POS,0.9995
1921743368377233900,Mon May 12 01:44:57 +0000 2025,busway,mau,NEU,1.0
1921738784275652656,Mon May 12 01:26:45 +0000 2025,Bawahannya,banyak,POS,0.9952
1921736374853759003,Mon May 12 01:17:10 +0000 2025,ac,ketetesan,NEG,0.9999
1921735414827958512,Mon May 12 01:13:21 +0000 2025,kartu,berdiri,NEG,1.0
1921735414827958512,Mon May 12 01:13:21 +0000 2025,kartu,jatuh,NEG,1.0
1921735414827958512,Mon May 12 01:13:21 +0000 2025,flazzku,jatuh,NEG,0.9999
1921733237598019984,Mon May 12 01:04:42 +0000 2025,jalur,Daerah,NEG,0.66
1921733237598019984,Mon May 12 01:04:42 +0000 2025,jalur,mahal,NEG,0.627
1921733237598019984,Mon May 12 01:04:42 +0000 2025,jalur,mahal,NEG,1.0
1921732705655328810,Mon May 12 01:02:35 +0000 2025,busway,rute,NEU,1.0
1921726256078279152,Mon May 12 00:36:58 +0000 2025,TJ,cakep,POS,1.0
1921720501124104222,Mon May 12 00:14:05 +0000 2025,disamping,omega,NEU,0.528
1921720501124104222,Mon May 12 00:14:05 +0000 2025,tj,omega,NEU,0.9637
1921717974664085711,Mon May 12 00:04:03 +0000 2025,TJ,rute,NEU,0.9999
1922803826370699394,Wed May 14 23:58:50 +0000 2025,tj,mual,NEG,0.9984
1922803826370699394,Wed May 14 23:58:50 +0000 2025,darat,mabok,NEG,0.7902
1922803826370699394,Wed May 14 23:58:50 +0000 2025,tj,mabok,NEG,1.0
1922803079889453490,Wed May 14 23:55:52 +0000 2025,biaya,MAHAL,NEG,1.0
1922803079889453490,Wed May 14 23:55:52 +0000 2025,saldo,kepotong,NEG,0.785
1922801811590713371,Wed May 14 23:50:50 +0000 2025,tj,ngantuk,NEG,1.0
1922801775427326205,Wed May 14 23:50:41 +0000 2025,tj,gbs,NEG,0.9999
1922800897052070017,Wed May 14 23:47:12 +0000 2025,TJ,cidera,NEG,1.0
1922800881642119602,Wed May 14 23:47:08 +0000 2025,tj,tdr,NEG,0.9984
1922800617434530109,Wed May 14 23:46:05 +0000 2025,tj,selamat,POS,0.9963
1922800610417528844,Wed May 14 23:46:04 +0000 2025,tj,kosong,POS,0.974
1922799740254605458,Wed May 14 23:42:36 +0000 2025,mulutnya,sumpel,NEG,0.9993
1922799327203774776,Wed May 14 23:40:58 +0000 2025,tj,lama,NEG,0.9999
1922799327203774776,Wed May 14 23:40:58 +0000 2025,tj,lelet,NEG,1.0
1922799041496097226,Wed May 14 23:39:50 +0000 2025,rute,tambahin,NEG,1.0
1922799041496097226,Wed May 14 23:39:50 +0000 2025,rute,jauh,NEG,0.5346
1922799041496097226,Wed May 14 23:39:50 +0000 2025,tj,jauh,NEG,1.0
1922797452488229229,Wed May 14 23:33:31 +0000 2025,Nunggu,lama,NEG,1.0
1922796701460357222,Wed May 14 23:30:32 +0000 2025,tj,berdiri,NEG,0.7701
1922795726473458112,Wed May 14 23:26:39 +0000 2025,layanan,pembukaan,NEU,0.4793
1922793044513812795,Wed May 14 23:16:00 +0000 2025,tj,rute,NEU,1.0
1922787259134206315,Wed May 14 22:53:00 +0000 2025,jalurnya,macet,NEG,1.0
1922786714294100281,Wed May 14 22:50:50 +0000 2025,nunggu,gelap,NEG,0.9677
1922785864167440418,Wed May 14 22:47:28 +0000 2025,nungguin,lama,NEG,1.0
1922783425687134676,Wed May 14 22:37:46 +0000 2025,tj,deket,POS,1.0
1922782333846929906,Wed May 14 22:33:26 +0000 2025,TJ,reguler,POS,0.9253
1922782333846929906,Wed May 14 22:33:26 +0000 2025,TJ,melayani,POS,0.7967
1922781329927675917,Wed May 14 22:29:27 +0000 2025,jalurnya,Nyerobot,NEG,1.0
1922780710701523265,Wed May 14 22:26:59 +0000 2025,TJ,beroperasi,NEU,1.0
1922780299290718474,Wed May 14 22:25:21 +0000 2025,Stasiun,muter2,NEG,1.0
1922780299290718474,Wed May 14 22:25:21 +0000 2025,Stasiun,repot,NEG,1.0
1922774253054665135,Wed May 14 22:01:20 +0000 2025,aplikasi,ribet,NEG,1.0
1922774253054665135,Wed May 14 22:01:20 +0000 2025,tj,ribet,NEG,0.6946
1922774081830563848,Wed May 14 22:00:39 +0000 2025,truk,nabrak,NEG,1.0
1922774081830563848,Wed May 14 22:00:39 +0000 2025,jalur,nabrak,NEG,1.0
1922768706439926153,Wed May 14 21:39:17 +0000 2025,transjakarta,gratis,POS,1.0
1922768420719689830,Wed May 14 21:38:09 +0000 2025,transjakarta,gratis,POS,1.0
1922755832460021974,Wed May 14 20:48:08 +0000 2025,TJ,muje,POS,0.8736
1922755572874555761,Wed May 14 20:47:06 +0000 2025,tj,kontol,NEG,0.9576
1922755572874555761,Wed May 14 20:47:06 +0000 2025,t,kontol,NEG,1.0
1922755572874555761,Wed May 14 20:47:06 +0000 2025,haltenya,jelek,NEG,1.0
1922750219109749092,Wed May 14 20:25:49 +0000 2025,tj,cheka,NEG,0.9986
1922738983622115623,Wed May 14 19:41:11 +0000 2025,transjakarta,dapet,POS,0.9972
1922732592752730341,Wed May 14 19:15:47 +0000 2025,tj,ada,NEU,1.0
1922731334578930140,Wed May 14 19:10:47 +0000 2025,TJ,Gm,NEG,0.9936
1922722523675836435,Wed May 14 18:35:46 +0000 2025,tj,gate,NEG,0.9991
1922711195980550413,Wed May 14 17:50:46 +0000 2025,Tj,Rip,NEG,1.0
1922707444158881798,Wed May 14 17:35:51 +0000 2025,nunggu,macet,NEG,1.0
1922704032402936300,Wed May 14 17:22:18 +0000 2025,nunggunya,lama,NEG,0.8588
1922704032402936300,Wed May 14 17:22:18 +0000 2025,nungguin,lama,NEG,1.0
1922704016502391092,Wed May 14 17:22:14 +0000 2025,Pramono,waras,POS,0.9965
1922700602003370223,Wed May 14 17:08:40 +0000 2025,TJ,teruk,NEG,1.0
1922700602003370223,Wed May 14 17:08:40 +0000 2025,muka,teruk,NEG,1.0
1922696962077282556,Wed May 14 16:54:12 +0000 2025,Angkot,gratis,POS,0.5995
1922696962077282556,Wed May 14 16:54:12 +0000 2025,busway,gratis,POS,0.9964
1922696683671941590,Wed May 14 16:53:06 +0000 2025,tj,sabar,POS,0.9813
1922694814111322192,Wed May 14 16:45:40 +0000 2025,nungguin,masih,NEG,1.0
1922691976589124040,Wed May 14 16:34:23 +0000 2025,tj,ada,NEU,1.0
1922689543620153360,Wed May 14 16:24:43 +0000 2025,ojol,mahal,NEG,1.0
1922689088873697628,Wed May 14 16:22:55 +0000 2025,bis,dateng,POS,0.841
1922689088873697628,Wed May 14 16:22:55 +0000 2025,Macetnya,dikit,NEG,1.0
1922685536797360199,Wed May 14 16:08:48 +0000 2025,tj,bisa,POS,0.888
1922684185392636267,Wed May 14 16:03:26 +0000 2025,jalur,ditutup,NEU,0.9754
1922684185392636267,Wed May 14 16:03:26 +0000 2025,jalur,berubah,NEG,1.0
1922683457810940262,Wed May 14 16:00:32 +0000 2025,nunggu,lama,NEG,1.0
1922683106705670481,Wed May 14 15:59:09 +0000 2025,transjakarta,gratis,POS,1.0
1922682833962672327,Wed May 14 15:58:03 +0000 2025,busway,gada,POS,0.8869
1922682776144224526,Wed May 14 15:57:50 +0000 2025,tj,udh,NEU,0.9948
1922682441044562113,Wed May 14 15:56:30 +0000 2025,tj,enak,POS,0.999
1922682284282384511,Wed May 14 15:55:52 +0000 2025,bisnya,dateng,NEU,0.9694
1922681741447147663,Wed May 14 15:53:43 +0000 2025,bakor,jago,POS,0.9745
1922680602060284127,Wed May 14 15:49:11 +0000 2025,akses,gampang,POS,0.8945
1922680602060284127,Wed May 14 15:49:11 +0000 2025,tj,gampang,POS,0.9761
1922680265551294630,Wed May 14 15:47:51 +0000 2025,rutenya,diperbanyak,POS,0.9999
1922677715183845748,Wed May 14 15:37:43 +0000 2025,armadanya,ditambah,NEU,0.9847
1922677715183845748,Wed May 14 15:37:43 +0000 2025,armada,nambah,NEG,0.9983
1922676639692890554,Wed May 14 15:33:27 +0000 2025,earphone,jatuh,NEG,1.0
1922676639692890554,Wed May 14 15:33:27 +0000 2025,tj,jatuh,NEG,1.0
1922674740327583988,Wed May 14 15:25:54 +0000 2025,tj,turun,NEU,0.9997
1922673759812550814,Wed May 14 15:22:00 +0000 2025,tj,peresmian,NEU,0.7286
1922673105140380044,Wed May 14 15:19:24 +0000 2025,TJ,accessible,POS,0.5314
1922672373322424499,Wed May 14 15:16:29 +0000 2025,TJ,sepi,POS,0.7269
1922671461338112112,Wed May 14 15:12:52 +0000 2025,tarif,flat,NEU,0.9994
1922671121901453707,Wed May 14 15:11:31 +0000 2025,giftnya,suka,POS,1.0
1922671001990488507,Wed May 14 15:11:03 +0000 2025,orderan,gadapet,NEG,1.0
1922670390565814502,Wed May 14 15:08:37 +0000 2025,TJ,susah,NEG,0.9944
1922670390565814502,Wed May 14 15:08:37 +0000 2025,bunganya,rusak,NEG,1.0
1922670390565814502,Wed May 14 15:08:37 +0000 2025,tasnya,rusak,NEG,0.5301
1922670390565814502,Wed May 14 15:08:37 +0000 2025,tasnya,kebasahan,NEG,1.0
1922670312996434037,Wed May 14 15:08:18 +0000 2025,busway,Berisik,NEG,0.9999
1922670270147391621,Wed May 14 15:08:08 +0000 2025,Abang,udah,NEU,1.0
1922670270147391621,Wed May 14 15:08:08 +0000 2025,TJ,udah,NEU,1.0
1922669984511131982,Wed May 14 15:07:00 +0000 2025,TJ,susah,NEG,1.0
1922669984511131982,Wed May 14 15:07:00 +0000 2025,TJ,gengsi,NEG,0.9916
1922665917772628172,Wed May 14 14:50:50 +0000 2025,TJ,salit,NEG,1.0
1922665245182460258,Wed May 14 14:48:10 +0000 2025,transjakarta,beroperasi,NEU,1.0
1922664881746022440,Wed May 14 14:46:43 +0000 2025,TJ,anjeeeeengggg,NEG,1.0
1922663988598276436,Wed May 14 14:43:10 +0000 2025,tj,ngentot,NEG,1.0
1922663805147877736,Wed May 14 14:42:27 +0000 2025,armada,keren,POS,1.0
1922663501442482620,Wed May 14 14:41:14 +0000 2025,Layanan,Gratis,POS,1.0
1922663275579224129,Wed May 14 14:40:20 +0000 2025,nunggunya,ketinggalan,NEG,1.0
1922661826753388999,Wed May 14 14:34:35 +0000 2025,TJ,MENANGIN,NEG,0.9977
1922661470472421483,Wed May 14 14:33:10 +0000 2025,tj,ADEM,POS,0.9704
1922661470472421483,Wed May 14 14:33:10 +0000 2025,tj,SEPI,POS,0.9995
1922661070289748185,Wed May 14 14:31:35 +0000 2025,busway,lucu,POS,1.0
1922660894997139607,Wed May 14 14:30:53 +0000 2025,tj,pp,POS,0.9991
1922660528121434210,Wed May 14 14:29:25 +0000 2025,tj,penuh,NEG,1.0
1922660365340467706,Wed May 14 14:28:47 +0000 2025,tj,nyusruk,NEG,1.0
1922660130459353283,Wed May 14 14:27:51 +0000 2025,jalurnya,kependekan,NEG,1.0
1922660130459353283,Wed May 14 14:27:51 +0000 2025,-,panjang,NEG,0.9999
1922660098679210302,Wed May 14 14:27:43 +0000 2025,antrian,menyerobot,NEG,1.0
1922660098679210302,Wed May 14 14:27:43 +0000 2025,antrian ) dan TransJakarta,menyerobot,NEG,0.9384
1922660098679210302,Wed May 14 14:27:43 +0000 2025,TransJakarta,menyerobot,NEG,1.0
1922660095055253716,Wed May 14 14:27:42 +0000 2025,antrian,menyerobot,NEG,1.0
1922660095055253716,Wed May 14 14:27:42 +0000 2025,TransJakarta,menyerobot,NEG,0.9999
1922659944748192064,Wed May 14 14:27:06 +0000 2025,UKM,aktif,POS,0.9073
1922659427099849074,Wed May 14 14:25:03 +0000 2025,nunggunya,berdiri,NEG,0.9561
1922659188951363792,Wed May 14 14:24:06 +0000 2025,kartu,ilang,NEG,1.0
1922658274844840303,Wed May 14 14:20:28 +0000 2025,AC,adem,POS,1.0
1922658274844840303,Wed May 14 14:20:28 +0000 2025,krl,kacau,NEG,1.0
1922658148185198743,Wed May 14 14:19:58 +0000 2025,Rute,tersedia,NEU,1.0
1922658148185198743,Wed May 14 14:19:58 +0000 2025,Busway,tersedia,NEU,1.0
1922658117814251544,Wed May 14 14:19:51 +0000 2025,tj,kangen,POS,0.9999
1922658045055664444,Wed May 14 14:19:33 +0000 2025,jalanya,gradakan,NEG,1.0
1922657148221215060,Wed May 14 14:16:00 +0000 2025,tj,bisa,NEU,1.0
1922656633454235859,Wed May 14 14:13:57 +0000 2025,jumlahnya,ga,NEG,0.9005
1922655466854748536,Wed May 14 14:09:19 +0000 2025,baunya,amis,NEG,1.0
1922654794730147943,Wed May 14 14:06:38 +0000 2025,image,jelek,NEG,1.0
1922654794730147943,Wed May 14 14:06:38 +0000 2025,tj,jelek,NEG,1.0
1922654690082218104,Wed May 14 14:06:13 +0000 2025,tj,desek,NEG,0.8168
1922654690082218104,Wed May 14 14:06:13 +0000 2025,tj,desekan,NEG,0.9999
1922654690082218104,Wed May 14 14:06:13 +0000 2025,tj,seru,POS,0.5662
1922654523497034201,Wed May 14 14:05:34 +0000 2025,TJ,MASALAH,NEG,0.8163
1922654514542219659,Wed May 14 14:05:32 +0000 2025,tj,telat,NEG,0.9984
1922653848973275434,Wed May 14 14:02:53 +0000 2025,jlnnya,dipersempit,NEG,1.0
1922653766882410857,Wed May 14 14:02:33 +0000 2025,TJ,ngegratisin,NEG,0.9894
1922653305550848227,Wed May 14 14:00:43 +0000 2025,Tj,deres,NEG,1.0
1922652815370981813,Wed May 14 13:58:47 +0000 2025,tj,capek,NEG,1.0
1922651287436358097,Wed May 14 13:52:42 +0000 2025,tj,terbang,NEU,0.9428
1922650784287670366,Wed May 14 13:50:42 +0000 2025,tjnya,adaaa,NEU,0.8141
1922650784287670366,Wed May 14 13:50:42 +0000 2025,tjnya,lama,NEG,1.0
1922650646307639384,Wed May 14 13:50:09 +0000 2025,Driver,gila,NEG,0.9529
1922650364332945916,Wed May 14 13:49:02 +0000 2025,TJ,Bisa,POS,0.9602
1922650311736328355,Wed May 14 13:48:50 +0000 2025,nunggu,serius,NEU,0.8162
1922650158149337394,Wed May 14 13:48:13 +0000 2025,ac,mati,NEG,1.0
1922650133797237245,Wed May 14 13:48:07 +0000 2025,bus,cepet,POS,1.0
1922649806180094230,Wed May 14 13:46:49 +0000 2025,gantungan,banyak,POS,0.8989
1922649806180094230,Wed May 14 13:46:49 +0000 2025,TJ,kegencet,NEG,1.0
1922649691977585070,Wed May 14 13:46:22 +0000 2025,tj,dinginnya,POS,0.9118
1922649691977585070,Wed May 14 13:46:22 +0000 2025,tj,dinging,POS,0.9869
1922648440812585233,Wed May 14 13:41:24 +0000 2025,TJ,cederaan,NEG,1.0
1922647727772492184,Wed May 14 13:38:34 +0000 2025,tj,boleh,NEU,0.967
1922646363763880388,Wed May 14 13:33:08 +0000 2025,tj,cekikikan,NEG,0.9999
1922643526589755606,Wed May 14 13:21:52 +0000 2025,jalurnya,enak,POS,1.0
1922642691449401739,Wed May 14 13:18:33 +0000 2025,rute,nolak,NEG,1.0
1922641831218622766,Wed May 14 13:15:08 +0000 2025,TJ,Udah,POS,0.6605
1922640374054477849,Wed May 14 13:09:20 +0000 2025,TJ,abis,NEG,1.0
1922640374054477849,Wed May 14 13:09:20 +0000 2025,energi,abis,NEG,1.0
1922639893412343993,Wed May 14 13:07:26 +0000 2025,flow,berubah,NEU,0.5556
1922639838999679122,Wed May 14 13:07:13 +0000 2025,TJ,GM,NEG,0.9936
1922638995873313074,Wed May 14 13:03:52 +0000 2025,HALTE,ADA,NEU,1.0
1922638995873313074,Wed May 14 13:03:52 +0000 2025,TJ,ADA,NEU,0.8198
1922638533539352667,Wed May 14 13:02:01 +0000 2025,BAJUNYA,ADA,NEU,0.9999
1922638154361626938,Wed May 14 13:00:31 +0000 2025,tj,crashout,NEG,1.0
1922637635803079119,Wed May 14 12:58:27 +0000 2025,tj,senyum,POS,1.0
1922636467974590942,Wed May 14 12:53:49 +0000 2025,akunku,full,NEU,0.9918
1922636073609380188,Wed May 14 12:52:15 +0000 2025,TJ,gratis,POS,0.9927
1922634233870250211,Wed May 14 12:44:56 +0000 2025,jalur,steril,POS,1.0
1922633933461602755,Wed May 14 12:43:45 +0000 2025,tj,penuh,NEG,1.0
1922633857834037558,Wed May 14 12:43:27 +0000 2025,TJ,BERDIRI,NEG,1.0
1922633857834037558,Wed May 14 12:43:27 +0000 2025,TJ,MACET,NEG,1.0
1922633095041188139,Wed May 14 12:40:25 +0000 2025,supirnya,ngetem,NEG,1.0
1922633095041188139,Wed May 14 12:40:25 +0000 2025,Jadwalnya,ngaco,NEG,1.0
1922631915581981127,Wed May 14 12:35:44 +0000 2025,tj,Gm,NEG,0.9936
1922630837574509054,Wed May 14 12:31:27 +0000 2025,Tj,apaan,NEG,1.0
1922630837574509054,Wed May 14 12:31:27 +0000 2025,listrik,apaan,NEG,1.0
1922630637069992012,Wed May 14 12:30:39 +0000 2025,tj,serame,NEG,0.9999
1922630168998277463,Wed May 14 12:28:47 +0000 2025,TJ,penuh,NEG,1.0
1922630168998277463,Wed May 14 12:28:47 +0000 2025,tol,macet,NEG,0.9986
1922630168998277463,Wed May 14 12:28:47 +0000 2025,warganya,sibuk,POS,0.8226
1922629410185777621,Wed May 14 12:25:46 +0000 2025,tj,bau,NEG,1.0
1922629209735757882,Wed May 14 12:24:58 +0000 2025,jalur,gaada,NEG,1.0
1922629005896831154,Wed May 14 12:24:10 +0000 2025,pembatas,nabrak,NEG,1.0
1922628628539428957,Wed May 14 12:22:40 +0000 2025,busway,Murah,POS,1.0
1922628628539428957,Wed May 14 12:22:40 +0000 2025,busway,nyaman,POS,1.0
1922628504195154276,Wed May 14 12:22:10 +0000 2025,tj,nyolok,NEG,0.9942
1922628342559191348,Wed May 14 12:21:32 +0000 2025,tj,berak,NEG,1.0
1922628101567066533,Wed May 14 12:20:34 +0000 2025,jalur,Lama,NEG,1.0
1922627748201136583,Wed May 14 12:19:10 +0000 2025,desekannya,desek,NEG,0.9833
1922627748201136583,Wed May 14 12:19:10 +0000 2025,datengnya,desek,NEG,1.0
1922627748201136583,Wed May 14 12:19:10 +0000 2025,datengnya,desekannya,NEG,1.0
1922627012050501714,Wed May 14 12:16:15 +0000 2025,binong,batal,NEU,0.7844
1922626121260036516,Wed May 14 12:12:42 +0000 2025,tj,oleng,NEG,1.0
1922625812529823894,Wed May 14 12:11:29 +0000 2025,tj,orgil,NEG,1.0
1922625812529823894,Wed May 14 12:11:29 +0000 2025,macetnya,Stresss,NEG,0.9458
1922625063099957605,Wed May 14 12:08:30 +0000 2025,tj,jancok,NEG,1.0
1922623990792692096,Wed May 14 12:04:14 +0000 2025,headway,berantakan,NEG,1.0
1922623916310225273,Wed May 14 12:03:56 +0000 2025,tj,Berdiri,NEG,1.0
1922623315044098129,Wed May 14 12:01:33 +0000 2025,nunggu,panas,NEG,0.9513
1922623174270718254,Wed May 14 12:01:00 +0000 2025,tj,jatoh,NEG,1.0
1922623109372203182,Wed May 14 12:00:44 +0000 2025,Busway,ada,NEU,1.0
1922622965063004292,Wed May 14 12:00:10 +0000 2025,tj,pertama,POS,0.9863
1922622762461409766,Wed May 14 11:59:21 +0000 2025,TJ,SEPI,POS,0.9807
1922622762461409766,Wed May 14 11:59:21 +0000 2025,5C,SEPI,POS,0.9032
1922622672694837480,Wed May 14 11:59:00 +0000 2025,TJ,Tampa,NEG,1.0
1922621171754803207,Wed May 14 11:53:02 +0000 2025,tj,berentinya,NEU,1.0
1922620568764830005,Wed May 14 11:50:38 +0000 2025,India,Lanat,NEU,0.8062
1922620369195737417,Wed May 14 11:49:51 +0000 2025,kantor,enak,POS,0.9885
1922619960351756636,Wed May 14 11:48:13 +0000 2025,tj,lama,NEG,1.0
1922619960351756636,Wed May 14 11:48:13 +0000 2025,twrus,lama,NEG,0.923
1922619538656395647,Wed May 14 11:46:33 +0000 2025,tj,nyusruk,NEG,1.0
1922618243958681945,Wed May 14 11:41:24 +0000 2025,nunggu,lama,NEG,1.0
1922618243052666896,Wed May 14 11:41:24 +0000 2025,Busway,lewat,NEU,1.0
1922618112123236613,Wed May 14 11:40:53 +0000 2025,tj,seabrek,NEG,1.0
1922617917968961758,Wed May 14 11:40:06 +0000 2025,tj,macet,NEG,1.0
1922617804315873681,Wed May 14 11:39:39 +0000 2025,aplikasi,down,NEG,1.0
1922617618369839210,Wed May 14 11:38:55 +0000 2025,jalur,ada,NEU,0.4002
1922617373917430230,Wed May 14 11:37:57 +0000 2025,mereknya,lupa,NEG,1.0
1922617358872367471,Wed May 14 11:37:53 +0000 2025,tj,lagi,NEU,0.6699
1922616931787419854,Wed May 14 11:36:11 +0000 2025,busway,kejeduk,NEG,1.0
1922616210312540572,Wed May 14 11:33:19 +0000 2025,TJ,MASI,NEU,1.0
1922616160517775685,Wed May 14 11:33:07 +0000 2025,busway,ada,NEU,0.9959
1922616070847729949,Wed May 14 11:32:46 +0000 2025,jalanan,macet,NEG,0.767
1922616070847729949,Wed May 14 11:32:46 +0000 2025,busway,macet,NEG,1.0
1922616070847729949,Wed May 14 11:32:46 +0000 2025,busway,penuh,NEG,1.0
1922615746271617337,Wed May 14 11:31:29 +0000 2025,busway,lancar,POS,0.9997
1922615492314910849,Wed May 14 11:30:28 +0000 2025,macetnya,nyaman,POS,0.6179
1922615126957432922,Wed May 14 11:29:01 +0000 2025,tj,lama,NEG,0.9802
1922615126957432922,Wed May 14 11:29:01 +0000 2025,perjalanannya,lama,NEG,1.0
1922615044308717627,Wed May 14 11:28:41 +0000 2025,Halte,ada,NEU,1.0
1922614915841274315,Wed May 14 11:28:11 +0000 2025,busway,bisa,NEU,1.0
1922614225073016855,Wed May 14 11:25:26 +0000 2025,TJ,guncang,NEG,1.0
1922613226157519054,Wed May 14 11:21:28 +0000 2025,tj,kelimpungan,NEG,1.0
1922612427121742287,Wed May 14 11:18:17 +0000 2025,dateng,keroyokan,NEG,0.997
1922611844025360582,Wed May 14 11:15:58 +0000 2025,tj,Masuk,NEG,1.0
1922611844025360582,Wed May 14 11:15:58 +0000 2025,tj,angin,NEG,0.9968
1922611390256153017,Wed May 14 11:14:10 +0000 2025,tj,puki,NEG,1.0
1922610621977071688,Wed May 14 11:11:07 +0000 2025,tj,rute,NEU,1.0
1922610279499661527,Wed May 14 11:09:45 +0000 2025,ongkir,iri,NEG,0.7971
1922609609925075234,Wed May 14 11:07:06 +0000 2025,tj,didubbing,NEG,1.0
1922609504694247834,Wed May 14 11:06:40 +0000 2025,tj,Dumpah,NEG,1.0
1922609287810933131,Wed May 14 11:05:49 +0000 2025,transjakarta,penuh,NEG,0.9852
1922609057820520942,Wed May 14 11:04:54 +0000 2025,tj,mls,NEG,1.0
1922608956406472803,Wed May 14 11:04:30 +0000 2025,busway,penuh,NEG,0.9993
1922608358718070833,Wed May 14 11:02:07 +0000 2025,bangunnya,perlahan,POS,0.8507
1922607944127988028,Wed May 14 11:00:28 +0000 2025,rute,idaman,POS,0.9997
1922607017249722553,Wed May 14 10:56:47 +0000 2025,jalur,macet,NEG,0.9999
1922606878627897395,Wed May 14 10:56:14 +0000 2025,TJ,GAWAT,NEG,0.9995
1922606744955445447,Wed May 14 10:55:42 +0000 2025,tj,ada,NEU,1.0
1922606601283740074,Wed May 14 10:55:08 +0000 2025,halte,terdekatnya,NEU,0.8501
1922606564428427695,Wed May 14 10:54:59 +0000 2025,tj,merah,NEG,0.9788
1922605897395646483,Wed May 14 10:52:20 +0000 2025,tj,lancar,POS,0.9982
1922605889883607164,Wed May 14 10:52:19 +0000 2025,tj,salah,NEG,1.0
1922605721805308076,Wed May 14 10:51:39 +0000 2025,bapak2,duduk,POS,0.6624
1922605083293819132,Wed May 14 10:49:06 +0000 2025,tj,lebat,NEG,1.0
1922604964511138024,Wed May 14 10:48:38 +0000 2025,app,lemot,NEG,1.0
1923523433205510152,Fri May 16 23:38:18 +0000 2025,tj,ada,NEU,1.0
1923520289088078248,Fri May 16 23:25:48 +0000 2025,transjakarta,bisa,NEU,1.0
1923518883975266715,Fri May 16 23:20:13 +0000 2025,transum,Ada,NEU,1.0
1923518368071696556,Fri May 16 23:18:10 +0000 2025,tj,Naik,NEU,0.9998
1923516906658521203,Fri May 16 23:12:22 +0000 2025,TJ,Jajajaj,NEG,0.809
1923515908279984177,Fri May 16 23:08:24 +0000 2025,TJ,Hi,NEU,0.5766
1923509184534020411,Fri May 16 22:41:41 +0000 2025,nungguin,5sore,NEG,0.9975
1923509184534020411,Fri May 16 22:41:41 +0000 2025,tj,5sore,NEG,0.8604
1923490198085828963,Fri May 16 21:26:14 +0000 2025,Madu,pekok,NEG,1.0
1923490198085828963,Fri May 16 21:26:14 +0000 2025,tj,pekok,NEG,1.0
1923489418826137819,Fri May 16 21:23:08 +0000 2025,Madu,pekok,NEG,1.0
1923489418826137819,Fri May 16 21:23:08 +0000 2025,tj,pekok,NEG,1.0
1923487918355775544,Fri May 16 21:17:11 +0000 2025,madu,Ngentot,NEG,1.0
1923487918355775544,Fri May 16 21:17:11 +0000 2025,tj,Ngentot,NEG,1.0
1923481456187408731,Fri May 16 20:51:30 +0000 2025,Madu,ngentott,NEG,1.0
1923481456187408731,Fri May 16 20:51:30 +0000 2025,tj,ngentott,NEG,1.0
1923481012362936640,Fri May 16 20:49:44 +0000 2025,Madu,pekok,NEG,1.0
1923481012362936640,Fri May 16 20:49:44 +0000 2025,tj,pekok,NEG,1.0
1923466115562237973,Fri May 16 19:50:32 +0000 2025,TJ,Watt,NEG,0.7451
1923461440951755194,Fri May 16 19:31:58 +0000 2025,Tj,watt,NEG,0.7451
1923449906930311556,Fri May 16 18:46:08 +0000 2025,TJ,suka,POS,1.0
1923441831225733504,Fri May 16 18:14:03 +0000 2025,bus,enak,POS,0.9977
1923441831225733504,Fri May 16 18:14:03 +0000 2025,ac,enak,POS,0.9999
1923441667828261357,Fri May 16 18:13:24 +0000 2025,TJ,Leaf,NEU,0.8791
1923439461964144662,Fri May 16 18:04:38 +0000 2025,TJ,HOT,POS,1.0
1923439445342109862,Fri May 16 18:04:34 +0000 2025,jalurnya,utama,POS,0.8535
1923437173111402910,Fri May 16 17:55:32 +0000 2025,busway,saranghae,NEG,0.9403
1923436930600972757,Fri May 16 17:54:34 +0000 2025,tj,Hi,NEU,0.3395
1923435249440002214,Fri May 16 17:47:53 +0000 2025,busway,gajadi,NEG,1.0
1923432304438911301,Fri May 16 17:36:11 +0000 2025,transportasi,layak,POS,0.6215
1923427575948288033,Fri May 16 17:17:24 +0000 2025,tj,cinta,POS,0.5514
1923425817691840611,Fri May 16 17:10:25 +0000 2025,tj,orgil,NEG,1.0
1923422097147072880,Fri May 16 16:55:38 +0000 2025,TJ,lucu,POS,1.0
1923421168926630332,Fri May 16 16:51:56 +0000 2025,tj,uncang,NEG,1.0
1923420750729347132,Fri May 16 16:50:17 +0000 2025,TJ,lucu,POS,0.9773
1923419670486364584,Fri May 16 16:45:59 +0000 2025,tas,desek2an,NEG,0.8702
1923418813669822959,Fri May 16 16:42:35 +0000 2025,jalur,Ada,NEU,1.0
1923418813669822959,Fri May 16 16:42:35 +0000 2025,jalur,opreg,NEG,0.7753
1923417586181591240,Fri May 16 16:37:42 +0000 2025,tj,lagi,NEG,0.7453
1923416005662949750,Fri May 16 16:31:25 +0000 2025,TJ,asik,POS,0.8299
1923415208191541313,Fri May 16 16:28:15 +0000 2025,TJ,Gm,NEG,0.9936
1923414193186685241,Fri May 16 16:24:13 +0000 2025,Tj,bisa,POS,0.8705
1923413693171187741,Fri May 16 16:22:14 +0000 2025,tj,nangis,NEG,1.0
1923410042520305997,Fri May 16 16:07:44 +0000 2025,tj,nt,NEU,0.9651
1923406327583314126,Fri May 16 15:52:58 +0000 2025,nunggu,masih,NEG,1.0
1923405819514614032,Fri May 16 15:50:57 +0000 2025,Tj,kocak,NEG,1.0
1923405237328498711,Fri May 16 15:48:38 +0000 2025,tarifnya,naik,NEU,0.9982
1923404186709901501,Fri May 16 15:44:27 +0000 2025,TJ,GM,NEG,0.9936
1923401637827145862,Fri May 16 15:34:20 +0000 2025,tj,digeprek,NEG,1.0
1923401172548731228,Fri May 16 15:32:29 +0000 2025,Rute,jauh,NEG,1.0
1923400984128032925,Fri May 16 15:31:44 +0000 2025,speednya,jelek,NEG,0.9993
1923397593154920634,Fri May 16 15:18:15 +0000 2025,tj,nyeblos,NEG,1.0
1923397593154920634,Fri May 16 15:18:15 +0000 2025,tj,mati,NEG,1.0
1923397305996026234,Fri May 16 15:17:07 +0000 2025,Tj,Gm,NEG,0.9936
1923397138370699696,Fri May 16 15:16:27 +0000 2025,TJ,Hi,NEU,0.3395
1923394875858301073,Fri May 16 15:07:28 +0000 2025,Laptop,Curi,NEG,1.0
1923394875858301073,Fri May 16 15:07:28 +0000 2025,Transjakarta,Curi,NEG,1.0
1923394875858301073,Fri May 16 15:07:28 +0000 2025,Transjakarta,Laptop,NEG,1.0
1923393467813646841,Fri May 16 15:01:52 +0000 2025,busway,berdiri,NEG,1.0
1923392387033817416,Fri May 16 14:57:34 +0000 2025,busway,Bisa,NEU,0.9042
1923392382139023689,Fri May 16 14:57:33 +0000 2025,printer,error,NEG,1.0
1923391912079204622,Fri May 16 14:55:41 +0000 2025,Sepatu,enak,POS,1.0
1923389646014234927,Fri May 16 14:46:41 +0000 2025,OPSI,NORMAL,NEU,1.0
1923387661668196363,Fri May 16 14:38:48 +0000 2025,tj,kaku,NEG,0.998
1923387467387822393,Fri May 16 14:38:01 +0000 2025,tj,Cekikikan,NEG,0.9998
1923384237626909069,Fri May 16 14:25:11 +0000 2025,tj,rusakin,NEG,1.0
1923383680132698344,Fri May 16 14:22:58 +0000 2025,TCC,ugal,NEG,1.0
1923382305290150203,Fri May 16 14:17:30 +0000 2025,earphone,copot,NEG,1.0
1923382274365567075,Fri May 16 14:17:23 +0000 2025,tj,banyak,POS,0.9982
1923381290151064013,Fri May 16 14:13:28 +0000 2025,sopirnya,play,NEG,0.9648
1923379826070634565,Fri May 16 14:07:39 +0000 2025,Tj,rame,POS,0.9889
1923379826070634565,Fri May 16 14:07:39 +0000 2025,berdiri,full,NEG,0.9316
1923379554665533453,Fri May 16 14:06:35 +0000 2025,Bapaknya,galak,NEG,1.0
1923379277384298769,Fri May 16 14:05:29 +0000 2025,motornya,kecil,NEG,1.0
1923378741108937029,Fri May 16 14:03:21 +0000 2025,ketek,bau,NEG,0.9802
1923378741108937029,Fri May 16 14:03:21 +0000 2025,TJ,bau,NEG,1.0
1923377464077639806,Fri May 16 13:58:16 +0000 2025,adminnya,slowres,NEG,1.0
1923377464077639806,Fri May 16 13:58:16 +0000 2025,admin,gercep,POS,0.9663
1923377312566759657,Fri May 16 13:57:40 +0000 2025,busway,macet2an,NEG,1.0
1923375658522009657,Fri May 16 13:51:06 +0000 2025,transum,bisa,NEU,1.0
1923375050729656320,Fri May 16 13:48:41 +0000 2025,transjakarta,absen,NEG,1.0
1923374937043030434,Fri May 16 13:48:14 +0000 2025,transjakarta,seru,POS,1.0
1923374397059964948,Fri May 16 13:46:05 +0000 2025,transjakarta,mantep,POS,0.9697
1923373451693244542,Fri May 16 13:42:20 +0000 2025,tj,ada,NEU,1.0
1923371794213339617,Fri May 16 13:35:44 +0000 2025,atm,kepotong,NEG,1.0
1923371522002936117,Fri May 16 13:34:40 +0000 2025,tj,nyobain,POS,0.9997
1923371374984241362,Fri May 16 13:34:04 +0000 2025,pt_transjakarta,Bisaaaa,POS,0.6122
1923371374984241362,Fri May 16 13:34:04 +0000 2025,Tj,Bisaaaa,NEU,0.7085
1923370565974261964,Fri May 16 13:30:52 +0000 2025,tj,kangen,POS,0.9227
1923370007783727143,Fri May 16 13:28:38 +0000 2025,tj,lancar,POS,0.9999
1923369226485571914,Fri May 16 13:25:32 +0000 2025,bus,menghambat,NEG,0.9106
1923368428674404763,Fri May 16 13:22:22 +0000 2025,techbro,gokil,POS,0.9956
1923368428674404763,Fri May 16 13:22:22 +0000 2025,TransJakarta,gokil,POS,0.9407
1923366587584659743,Fri May 16 13:15:03 +0000 2025,TJ,Watt,NEG,0.7451
1923366174575759635,Fri May 16 13:13:25 +0000 2025,bis,gaada,NEG,1.0
1923365840507764755,Fri May 16 13:12:05 +0000 2025,tj,macet,NEG,1.0
1923365840507764755,Fri May 16 13:12:05 +0000 2025,jalanan,macet,NEG,1.0
1923365289107820843,Fri May 16 13:09:53 +0000 2025,sarana,dablek,NEG,1.0
1923365164365074610,Fri May 16 13:09:24 +0000 2025,Halte,terbaik,POS,0.9999
1923363902089244834,Fri May 16 13:04:23 +0000 2025,tj,9,NEU,0.9912
1923363438396342315,Fri May 16 13:02:32 +0000 2025,daun,berguguran,NEG,0.9985
1923363140722401532,Fri May 16 13:01:21 +0000 2025,tj,sulitnya,NEG,1.0
1923362330957529420,Fri May 16 12:58:08 +0000 2025,Tj,nak,NEU,0.9999
1923361466154991981,Fri May 16 12:54:42 +0000 2025,Tj,jelek,NEG,1.0
1923360791538889017,Fri May 16 12:52:01 +0000 2025,vespa,kemahalan,NEG,1.0
1923360791538889017,Fri May 16 12:52:01 +0000 2025,bpknya,paranoid,NEG,1.0
1923359597730865367,Fri May 16 12:47:17 +0000 2025,tj,desek2annya,NEG,1.0
1923359597730865367,Fri May 16 12:47:17 +0000 2025,tj,copot,NEG,1.0
1923359597730865367,Fri May 16 12:47:17 +0000 2025,beha,copot,NEG,1.0
1923358558596301258,Fri May 16 12:43:09 +0000 2025,tj,madu,POS,0.9947
1923358313548321039,Fri May 16 12:42:10 +0000 2025,pt_transjakarta,efisien,POS,0.9483
1923357466999353676,Fri May 16 12:38:49 +0000 2025,GOJEK,MAHAL,NEG,1.0
1923357202636493211,Fri May 16 12:37:46 +0000 2025,TJ,enjoy,POS,1.0
1923357202636493211,Fri May 16 12:37:46 +0000 2025,supeer,enjoy,POS,0.5893
1923356662255042805,Fri May 16 12:35:37 +0000 2025,tj,orgil,NEG,1.0
1923356545473011987,Fri May 16 12:35:09 +0000 2025,ngantri,budaya,POS,0.8693
1923356545473011987,Fri May 16 12:35:09 +0000 2025,ngantri,rapih,POS,0.9911
1923356190827773957,Fri May 16 12:33:44 +0000 2025,tj,Muter2,POS,0.8266
1923356190827773957,Fri May 16 12:33:44 +0000 2025,tj,enak,POS,1.0
1923356040214560823,Fri May 16 12:33:08 +0000 2025,TJ,banyak,POS,0.9982
1923355864867471577,Fri May 16 12:32:27 +0000 2025,TJ,Capek,NEG,1.0
1923354794007179399,Fri May 16 12:28:11 +0000 2025,jaklingko,gratisss,POS,0.9593
1923353746727174486,Fri May 16 12:24:02 +0000 2025,pintunya,kebuka,NEG,1.0
1923352481121124352,Fri May 16 12:19:00 +0000 2025,TJ,tantrum,NEG,0.6795
1923351971945181536,Fri May 16 12:16:58 +0000 2025,TJ,Kangen,POS,0.999
1923351880316395520,Fri May 16 12:16:37 +0000 2025,busway,ribet,NEG,1.0
1923351513952375116,Fri May 16 12:15:09 +0000 2025,TJ,macet2an,NEG,1.0
1923351513952375116,Fri May 16 12:15:09 +0000 2025,TJ,muter2,NEG,1.0
1923351475020767567,Fri May 16 12:15:00 +0000 2025,tj,duduk,POS,1.0
1923350667143332098,Fri May 16 12:11:47 +0000 2025,nunggu,enak,POS,0.9982
1923350115181293768,Fri May 16 12:09:36 +0000 2025,tj,macet,NEG,1.0
1923350080569975021,Fri May 16 12:09:27 +0000 2025,tj,gampang,POS,0.999
1923349516620538189,Fri May 16 12:07:13 +0000 2025,tj,kapok,NEG,1.0
1923349485335248907,Fri May 16 12:07:06 +0000 2025,BRT,diisi,NEU,0.9992
1923349471343079867,Fri May 16 12:07:02 +0000 2025,antrian,nyerobot,NEG,1.0
1923349283236876570,Fri May 16 12:06:17 +0000 2025,nunggu,kurang,NEG,1.0
1923349216530715054,Fri May 16 12:06:01 +0000 2025,transjakarta,ada,NEU,1.0
1923349118652445112,Fri May 16 12:05:38 +0000 2025,LIFT,TUTUP,NEU,0.9609
1923347568647373079,Fri May 16 11:59:29 +0000 2025,tj,macet,NEG,0.9999
1923346495622848829,Fri May 16 11:55:13 +0000 2025,tj,pepes,NEG,1.0
1923346247764627805,Fri May 16 11:54:14 +0000 2025,aplikasi,banyak,POS,0.6071
1923346247764627805,Fri May 16 11:54:14 +0000 2025,tj,banyak,POS,0.9384
1923346059792679315,Fri May 16 11:53:29 +0000 2025,rute,ada,NEU,1.0
1923345894616736044,Fri May 16 11:52:49 +0000 2025,Tj,Gm,NEG,0.9936
1923344354552213757,Fri May 16 11:46:42 +0000 2025,thailand,gabisa,NEG,1.0
1923344354552213757,Fri May 16 11:46:42 +0000 2025,diakses,gabisa,NEG,1.0
1923344354552213757,Fri May 16 11:46:42 +0000 2025,transjakarta,gabisa,NEG,1.0
1923343928687722945,Fri May 16 11:45:01 +0000 2025,tj,kekantor,NEU,0.9948
1923342709625954650,Fri May 16 11:40:10 +0000 2025,transjakarta,Deket,POS,0.9999
1923341158886891757,Fri May 16 11:34:00 +0000 2025,tj,notice,POS,0.5989
1923340693025558980,Fri May 16 11:32:09 +0000 2025,tj,ngetem,NEG,1.0
1923340440788468128,Fri May 16 11:31:09 +0000 2025,tj,kOCAK,POS,0.8562
1923339906195063021,Fri May 16 11:29:02 +0000 2025,TJ,cobain,POS,1.0
1923339788842639597,Fri May 16 11:28:34 +0000 2025,tj,mabok,NEG,1.0
1923339629375181178,Fri May 16 11:27:56 +0000 2025,TJ,galau,NEG,1.0
1923339256883216490,Fri May 16 11:26:27 +0000 2025,TJ,Stop,NEU,0.9575
1923338838711087419,Fri May 16 11:24:47 +0000 2025,tj,duren,NEG,0.9988
1923338470912626886,Fri May 16 11:23:20 +0000 2025,busway,udh,NEU,0.9882
1923338166666170373,Fri May 16 11:22:07 +0000 2025,nunggu,nangis,NEG,1.0
1923337459720466837,Fri May 16 11:19:18 +0000 2025,TJ,MANA,NEG,0.9999
1923337458436981001,Fri May 16 11:19:18 +0000 2025,TJ,Gm,NEG,0.9936
1923337292791283769,Fri May 16 11:18:39 +0000 2025,transjakarta,nangis,NEG,1.0
1923334112783245730,Fri May 16 11:06:00 +0000 2025,tj,dateng,NEU,0.5971
1923333583546028159,Fri May 16 11:03:54 +0000 2025,signage,ga,NEG,1.0
1923333253072588894,Fri May 16 11:02:35 +0000 2025,BUSWAY,AMAN,NEG,0.5631
1923333114136322232,Fri May 16 11:02:02 +0000 2025,busway,telat,NEG,1.0
1923332463914275206,Fri May 16 10:59:27 +0000 2025,TJ,LEMES,NEG,1.0
1923331877743612017,Fri May 16 10:57:08 +0000 2025,tj,nyengat,NEG,1.0
1923331877743612017,Fri May 16 10:57:08 +0000 2025,tj,pusing,NEG,1.0
1923331089386315792,Fri May 16 10:54:00 +0000 2025,tj,dingin,NEG,0.8379
1923331053902590170,Fri May 16 10:53:51 +0000 2025,jalur,enak,POS,0.9428
1923331053902590170,Fri May 16 10:53:51 +0000 2025,TJ,enak,POS,1.0
1923330562556612774,Fri May 16 10:51:54 +0000 2025,acnya,bocor,NEG,1.0
1923330562556612774,Fri May 16 10:51:54 +0000 2025,bangkunya,bocor,NEG,0.948
1923330541048189391,Fri May 16 10:51:49 +0000 2025,Akses,mudah,POS,0.9582
1923330541048189391,Fri May 16 10:51:49 +0000 2025,perjalanan,mudah,POS,0.5066
1923330541048189391,Fri May 16 10:51:49 +0000 2025,perjalanan,cepat,POS,0.725
1923329921910280531,Fri May 16 10:49:21 +0000 2025,tj,senyum2,NEG,1.0
1923328834507612312,Fri May 16 10:45:02 +0000 2025,jogja,banjir,NEG,1.0
1923328376485372332,Fri May 16 10:43:13 +0000 2025,busway,kedapetan,POS,0.9998
1923328376485372332,Fri May 16 10:43:13 +0000 2025,duduk,kedapetan,POS,0.9594
1923328036537000184,Fri May 16 10:41:52 +0000 2025,Pramudi,membahayakan,NEG,1.0
1923328036537000184,Fri May 16 10:41:52 +0000 2025,Transjakarta,miring,NEG,1.0
1923327795159019658,Fri May 16 10:40:54 +0000 2025,ino,gaada,NEG,1.0
1923327687331877349,Fri May 16 10:40:29 +0000 2025,tj,senyap,POS,0.9989
1923326390641803608,Fri May 16 10:35:19 +0000 2025,Rute,Berhenti,NEU,0.9745
1923326213797392454,Fri May 16 10:34:37 +0000 2025,tasnya,nyangkut,NEG,1.0
1923326103562686812,Fri May 16 10:34:11 +0000 2025,Tj,mash,NEU,1.0
1923325918820307206,Fri May 16 10:33:27 +0000 2025,Tj,ada,NEU,0.9978
1923325802801766639,Fri May 16 10:32:59 +0000 2025,TJ,Keep,POS,0.9617
1923325802801766639,Fri May 16 10:32:59 +0000 2025,TJ,smiling,POS,0.9999
1923325695125495810,Fri May 16 10:32:34 +0000 2025,saldo,kepotong,NEG,1.0
1923325522571829304,Fri May 16 10:31:52 +0000 2025,halte,salah,NEG,1.0
1923325302031503450,Fri May 16 10:31:00 +0000 2025,layanan,modifikasi,NEU,1.0
1923325302031503450,Fri May 16 10:31:00 +0000 2025,Transjakarta,modifikasi,NEU,0.9999
1923325215095869737,Fri May 16 10:30:39 +0000 2025,nunggunya,lama,NEG,1.0
1923324998707540309,Fri May 16 10:29:47 +0000 2025,tj,sembunyi2,NEG,1.0
1923324534012133528,Fri May 16 10:27:57 +0000 2025,TJ,KETINGGALAN,NEG,1.0
1923324282882433512,Fri May 16 10:26:57 +0000 2025,tj,hujan,NEG,0.9994
1923323117939597626,Fri May 16 10:22:19 +0000 2025,TJ,kelamaan,NEG,0.9998
1923322702619652545,Fri May 16 10:20:40 +0000 2025,BUSWAY,ORGILLLL,NEG,0.9819
1923322612207296924,Fri May 16 10:20:19 +0000 2025,tj,masih,NEG,1.0
1923322602728141011,Fri May 16 10:20:16 +0000 2025,tarif,3k,POS,0.7234
1923321717667016998,Fri May 16 10:16:45 +0000 2025,TJ,duduk,POS,0.9991
1923320652800446754,Fri May 16 10:12:31 +0000 2025,pembayaran,ribet,NEG,1.0
1923320652800446754,Fri May 16 10:12:31 +0000 2025,tj,ribet,NEG,0.9999
1923320652800446754,Fri May 16 10:12:31 +0000 2025,pembayaran,ribet,NEG,1.0
1923320164897943795,Fri May 16 10:10:35 +0000 2025,tj,nyasar,NEG,1.0
1923319530689806535,Fri May 16 10:08:04 +0000 2025,suaranya,gede,POS,1.0
1923314752702255132,Fri May 16 09:49:05 +0000 2025,transjakarta,Ada,NEU,1.0
1923314752702255132,Fri May 16 09:49:05 +0000 2025,transjakarta,duduk,POS,0.9709
1923314617352175787,Fri May 16 09:48:32 +0000 2025,ujan,rata,POS,0.3991
1923314174840467950,Fri May 16 09:46:47 +0000 2025,busway,bisa,POS,0.999
1923312830209556664,Fri May 16 09:41:26 +0000 2025,TJ,PNS,NEU,1.0
1923308942068797847,Fri May 16 09:25:59 +0000 2025,Layanan,Gratis,POS,0.9928
1923308942068797847,Fri May 16 09:25:59 +0000 2025,Transjakarta,Gratis,POS,1.0
1923306840303042968,Fri May 16 09:17:38 +0000 2025,interior,merah,NEG,0.5482
1923305848853434768,Fri May 16 09:13:42 +0000 2025,basicnya,admin,NEG,0.9233
1923304600913707475,Fri May 16 09:08:44 +0000 2025,tj,mentok,NEG,1.0
1923304441270190248,Fri May 16 09:08:06 +0000 2025,tj,goib,NEG,1.0
1923304395657142466,Fri May 16 09:07:55 +0000 2025,busway,Enak,POS,1.0
1923304177716858968,Fri May 16 09:07:03 +0000 2025,busway,dikit,NEG,1.0
1923301488379474233,Fri May 16 08:56:22 +0000 2025,tj,ngegojek,NEG,1.0
1923300299793449378,Fri May 16 08:51:39 +0000 2025,TJ,GASIE,NEG,0.8954
1923300171019915428,Fri May 16 08:51:08 +0000 2025,rute,Launching,POS,0.5983
1923299945295057393,Fri May 16 08:50:14 +0000 2025,infokos,deket,POS,0.9999
1923299668198388001,Fri May 16 08:49:08 +0000 2025,Krl,deket,POS,0.9739
1923298055337468297,Fri May 16 08:42:44 +0000 2025,tj,diem,NEG,0.9967
1923297752265437591,Fri May 16 08:41:31 +0000 2025,tj,jelek2,NEG,1.0
1923296518578000229,Fri May 16 08:36:37 +0000 2025,TJ,Thankyu,POS,0.9975
1923296402689438068,Fri May 16 08:36:10 +0000 2025,tj,Gm,NEG,0.9936
1923293781417251131,Fri May 16 08:25:45 +0000 2025,tj,ketiduran,NEG,1.0
1923293259276640726,Fri May 16 08:23:40 +0000 2025,halte,kelewatan,NEG,0.8211
1923292603174244668,Fri May 16 08:21:04 +0000 2025,bis2,bagus,POS,0.9996
1923292603174244668,Fri May 16 08:21:04 +0000 2025,TransJakarta,terbakar,NEG,1.0
1923292122112815242,Fri May 16 08:19:09 +0000 2025,tj,ketiduran,NEG,1.0
1923290834058793324,Fri May 16 08:14:02 +0000 2025,tj,nangis,NEG,1.0
1923288109971611922,Fri May 16 08:03:13 +0000 2025,Rumah,dijual,POS,0.9705
1923287726675149221,Fri May 16 08:01:41 +0000 2025,Variasi,Termurah,POS,0.997
1923285171228270751,Fri May 16 07:51:32 +0000 2025,program,diperluas,NEU,0.9328
1923282109814219184,Fri May 16 07:39:22 +0000 2025,rute,kack,NEG,0.8919
1923282109814219184,Fri May 16 07:39:22 +0000 2025,tj,kack,NEG,0.8828
1923282109814219184,Fri May 16 07:39:22 +0000 2025,tj,rute,NEG,0.9717
1923279540010316068,Fri May 16 07:29:09 +0000 2025,tj,enakan,POS,0.8507
1923279201085399434,Fri May 16 07:27:48 +0000 2025,BLU,acak2an,NEG,1.0
1923278212370420021,Fri May 16 07:23:53 +0000 2025,tj,infokan,NEU,0.8667
1923275541492142110,Fri May 16 07:13:16 +0000 2025,TJ,lewat,NEU,1.0
1923275449653686561,Fri May 16 07:12:54 +0000 2025,Transjakarta,B41,POS,0.9499
1923274921397919749,Fri May 16 07:10:48 +0000 2025,TJ,ADA,NEU,1.0
1923274921397919749,Fri May 16 07:10:48 +0000 2025,WIFI,ADA,NEU,1.0
1923272723301621797,Fri May 16 07:02:04 +0000 2025,transjabarnya,ada,NEU,0.639
1923272723301621797,Fri May 16 07:02:04 +0000 2025,jalurnya,susah,NEG,1.0
1923272454157332985,Fri May 16 07:01:00 +0000 2025,Rute,meluas,POS,0.7209
1923272454157332985,Fri May 16 07:01:00 +0000 2025,TransJakarta,meluas,POS,0.749
1923271114064642518,Fri May 16 06:55:40 +0000 2025,tj,berhasil,POS,0.9977
1923271035677450443,Fri May 16 06:55:22 +0000 2025,Laptop,Ketinggalan,NEG,1.0
1923270911353872661,Fri May 16 06:54:52 +0000 2025,tj,canggih,POS,0.9999
1923270556905766946,Fri May 16 06:53:28 +0000 2025,sdm,rendah,NEG,1.0
1923270017589592157,Fri May 16 06:51:19 +0000 2025,tj,bingung,NEG,1.0
1923269640416813091,Fri May 16 06:49:49 +0000 2025,Nunggu,lama,NEG,1.0
1923267282639192157,Fri May 16 06:40:27 +0000 2025,powerbank,susah,NEG,0.9984
1923267282639192157,Fri May 16 06:40:27 +0000 2025,busway,emosi,NEG,0.9992
1923267282639192157,Fri May 16 06:40:27 +0000 2025,powerbank,emosi,NEG,1.0
1923267202913808720,Fri May 16 06:40:08 +0000 2025,Transum,belagu,NEG,0.9782
1923265049667236180,Fri May 16 06:31:35 +0000 2025,nyela,Insecure,NEG,0.9979
1923264983372017952,Fri May 16 06:31:19 +0000 2025,rute,bisa,NEU,1.0
1923264983372017952,Fri May 16 06:31:19 +0000 2025,TJ,bisa,NEU,1.0
1923264123636158563,Fri May 16 06:27:54 +0000 2025,tj,Masalah,NEG,1.0
1923262362942947509,Fri May 16 06:20:54 +0000 2025,Laptop,Curi,NEG,1.0
1923261710707593225,Fri May 16 06:18:18 +0000 2025,tj,salah,NEG,1.0
1923261681058058406,Fri May 16 06:18:11 +0000 2025,TJ,turun,NEU,1.0
1923261546731286842,Fri May 16 06:17:39 +0000 2025,TJ,Ramini,NEG,0.9855
1923260921792590008,Fri May 16 06:15:10 +0000 2025,Lift,mahal,NEG,0.996
1923260921792590008,Fri May 16 06:15:10 +0000 2025,Lift,efektif,POS,0.977
1923260593584185772,Fri May 16 06:13:52 +0000 2025,tj,sepi,POS,1.0
1923259100533551611,Fri May 16 06:07:56 +0000 2025,busway,meong,NEG,0.6414
1923256334423674918,Fri May 16 05:56:57 +0000 2025,BUSWAY,JELEKKK,NEG,1.0
1923256234209161431,Fri May 16 05:56:33 +0000 2025,band,utuh,POS,0.9532
1923256041703109076,Fri May 16 05:55:47 +0000 2025,TJ,terakhir,NEU,0.9998
1923255893757497407,Fri May 16 05:55:12 +0000 2025,keluarnya,macet,NEG,1.0
1923255743278358739,Fri May 16 05:54:36 +0000 2025,rute,lewat,NEU,1.0
1923255743278358739,Fri May 16 05:54:36 +0000 2025,busway,lewat,NEU,1.0
1923254276651929762,Fri May 16 05:48:46 +0000 2025,tj,kurang,NEG,1.0
1923254275020398895,Fri May 16 05:48:46 +0000 2025,tj,plaga,NEG,0.9995
1923253957096255501,Fri May 16 05:47:30 +0000 2025,tj,sepi,POS,0.9981
1923251142366052758,Fri May 16 05:36:19 +0000 2025,nunggu,lama,NEG,1.0
1923250595391029520,Fri May 16 05:34:08 +0000 2025,antrinya,dibawah,NEG,1.0
1923250332848542171,Fri May 16 05:33:06 +0000 2025,rute,paham,POS,0.8433
1923249920795906116,Fri May 16 05:31:28 +0000 2025,busway,baik,POS,0.984
1923249554280853582,Fri May 16 05:30:00 +0000 2025,Pengguna,Melonjak,POS,0.4783
1923249554280853582,Fri May 16 05:30:00 +0000 2025,Transjakarta,Melonjak,NEG,0.8655
1923248202691584297,Fri May 16 05:24:38 +0000 2025,sopir,berhenti,NEU,1.0
1923248178188398972,Fri May 16 05:24:32 +0000 2025,tj,terakhir,NEU,1.0
1923247893260997088,Fri May 16 05:23:24 +0000 2025,utilitasnya,Tepat,POS,0.969
1923247855130603791,Fri May 16 05:23:15 +0000 2025,busnya,mogok,NEG,1.0
1923245407347355747,Fri May 16 05:13:31 +0000 2025,proyeknya,absurd,NEG,1.0
1923244354396635166,Fri May 16 05:09:20 +0000 2025,tj,sukanya,POS,1.0
1923241122861551730,Fri May 16 04:56:30 +0000 2025,tj,Liar,NEG,1.0
1923239977237749771,Fri May 16 04:51:57 +0000 2025,Transjakarta,salah,NEG,1.0
1923239977237749771,Fri May 16 04:51:57 +0000 2025,emot,salah,NEG,1.0
1923238139407085922,Fri May 16 04:44:39 +0000 2025,tj,lama,NEG,1.0
1923238113989587230,Fri May 16 04:44:33 +0000 2025,transjakarta,terintegrasi,POS,0.4981
1923237856258015588,Fri May 16 04:43:31 +0000 2025,tj,cantik,POS,1.0
1923232412089057575,Fri May 16 04:21:53 +0000 2025,Rute,dibuka,NEU,1.0
1923232412089057575,Fri May 16 04:21:53 +0000 2025,Rute,Apresiasi,POS,0.5897
1923231187654279679,Fri May 16 04:17:01 +0000 2025,jalurnya,sempit,NEG,1.0
1923230908624044337,Fri May 16 04:15:55 +0000 2025,kartu,ilang,NEG,1.0
1923230509850649024,Fri May 16 04:14:20 +0000 2025,rutenya,random,NEG,1.0
1923229132432736352,Fri May 16 04:08:51 +0000 2025,Mash,banyak,POS,0.9937
1923228733923524836,Fri May 16 04:07:16 +0000 2025,tas,gemblok,NEG,1.0
1923228733923524836,Fri May 16 04:07:16 +0000 2025,tas,berat,NEG,0.9994
1923228651295805484,Fri May 16 04:06:56 +0000 2025,JPO,Ada,NEU,1.0
1923224129638993991,Fri May 16 03:48:58 +0000 2025,transmum,gratis,POS,0.9997
1923221847505547708,Fri May 16 03:39:54 +0000 2025,busway,mahal,NEG,0.9994
1923221847505547708,Fri May 16 03:39:54 +0000 2025,pembebasan,mahal,NEG,1.0
1923221847505547708,Fri May 16 03:39:54 +0000 2025,angkutan,mahal,NEG,1.0
1923221552222400613,Fri May 16 03:38:44 +0000 2025,jalan,sempit,NEG,0.9993
1923219043806331230,Fri May 16 03:28:46 +0000 2025,Jalur,ternajiss,POS,0.9992
1923218376668610990,Fri May 16 03:26:07 +0000 2025,rutenya,dikit,NEG,1.0
1923216677975531588,Fri May 16 03:19:22 +0000 2025,nunggu,lg,NEG,1.0
1923216044920836567,Fri May 16 03:16:51 +0000 2025,Mobilnya,GRATIS,POS,0.9308
1923215281616249269,Fri May 16 03:13:49 +0000 2025,Halte,kendala,NEG,0.9485
1923214236659954015,Fri May 16 03:09:40 +0000 2025,jangkauan,memperluas,POS,0.9392
1923214236659954015,Fri May 16 03:09:40 +0000 2025,TJ,memperluas,POS,0.9826
1923213517873717531,Fri May 16 03:06:48 +0000 2025,tj,ada,NEU,1.0
1923213517873717531,Fri May 16 03:06:48 +0000 2025,Burlingko,ada,NEU,0.6318
1923210799314522165,Fri May 16 02:56:00 +0000 2025,balaraja,kecipratan,POS,0.5053
1923210448121250295,Fri May 16 02:54:37 +0000 2025,Penumpang,setia,POS,1.0
1923208514362548667,Fri May 16 02:46:55 +0000 2025,renovasinya,fungsional,POS,0.9999
1923207212295471331,Fri May 16 02:41:45 +0000 2025,tj,mirip,POS,0.9151
1923206626799956267,Fri May 16 02:39:25 +0000 2025,TJ,nomer,NEU,0.9992
1923206566129324358,Fri May 16 02:39:11 +0000 2025,BSD,deket,POS,0.9607
1923205158613246458,Fri May 16 02:33:35 +0000 2025,TJ,naik,NEU,1.0
1923204766097666080,Fri May 16 02:32:02 +0000 2025,armada,banyak,POS,1.0
1923203544858935373,Fri May 16 02:27:11 +0000 2025,Rute,diluncurkan,NEU,0.9961
1923203122605809991,Fri May 16 02:25:30 +0000 2025,busway,bisa,POS,0.9996
1923202890346225705,Fri May 16 02:24:35 +0000 2025,transum,terjangkau,POS,0.9999
1923202684112322721,Fri May 16 02:23:45 +0000 2025,tj,rute,NEU,0.9994
1923202459087897031,Fri May 16 02:22:52 +0000 2025,transum,Peningkatan,POS,0.9631
1923201611867804075,Fri May 16 02:19:30 +0000 2025,performa,memengaruhi,NEG,0.9237
1923201611867804075,Fri May 16 02:19:30 +0000 2025,dosennya,sbux,POS,0.9972
1923201611867804075,Fri May 16 02:19:30 +0000 2025,dosennya,susah,NEG,0.9872
1923201595052900415,Fri May 16 02:19:26 +0000 2025,tj,banyak,POS,0.9999
1923201595052900415,Fri May 16 02:19:26 +0000 2025,rutenya,banyak,POS,0.983
1923201003039408332,Fri May 16 02:17:05 +0000 2025,nunggu,lagi,NEG,1.0
1923200959875776856,Fri May 16 02:16:54 +0000 2025,TJ,Poor,NEG,1.0
1923199847500251647,Fri May 16 02:12:29 +0000 2025,seat,kosong,NEU,1.0
1923199664221794686,Fri May 16 02:11:45 +0000 2025,urusannya,ringan,POS,0.9891
1923199664221794686,Fri May 16 02:11:45 +0000 2025,urusannya,lancar,POS,0.9997
1923199662049067173,Fri May 16 02:11:45 +0000 2025,tj,berhenti,NEU,1.0
1923199354451411384,Fri May 16 02:10:32 +0000 2025,TJ,galau,NEG,1.0
1923197616881336571,Fri May 16 02:03:37 +0000 2025,ads,full,POS,0.9942
1923197530747142196,Fri May 16 02:03:17 +0000 2025,TJ,CUMIN,NEG,0.998
1923196142897992128,Fri May 16 01:57:46 +0000 2025,TJ,keberangkatan,NEU,1.0
1923196047301489025,Fri May 16 01:57:23 +0000 2025,bus,mogok,NEG,1.0
1923196047301489025,Fri May 16 01:57:23 +0000 2025,mitigasi,jelek,NEG,1.0
1923193938678108661,Fri May 16 01:49:00 +0000 2025,tj,better,POS,1.0
1923193640764985628,Fri May 16 01:47:49 +0000 2025,TJ,good,POS,0.9998
1923193219761717732,Fri May 16 01:46:09 +0000 2025,tj,boncos,NEG,1.0
1923192843914407948,Fri May 16 01:44:39 +0000 2025,Scoopy,merah,NEG,0.9997
1923192785663857090,Fri May 16 01:44:25 +0000 2025,transportasi,perubahan,NEU,0.6195
1923192349812768867,Fri May 16 01:42:42 +0000 2025,TJ,gratis,POS,0.9917
1923192349812768867,Fri May 16 01:42:42 +0000 2025,card,gratis,POS,0.9722
1923192187006718231,Fri May 16 01:42:03 +0000 2025,busway,gangerti,NEG,0.9997
1923190204786971051,Fri May 16 01:34:10 +0000 2025,jisnya,berhenti,NEG,0.4628
1923188585609548110,Fri May 16 01:27:44 +0000 2025,busway,kurusan,NEG,1.0
1923188115352453147,Fri May 16 01:25:52 +0000 2025,rute,kuat,NEU,0.9988
1923186931220763103,Fri May 16 01:21:10 +0000 2025,tj,rute,NEU,0.9994
1923186920886042725,Fri May 16 01:21:07 +0000 2025,tj,kemaleman,NEG,1.0
1923186436506845420,Fri May 16 01:19:12 +0000 2025,gitarisnya,ngegantung,NEG,1.0
1923185037475766534,Fri May 16 01:13:38 +0000 2025,TJ,ada,NEU,0.9989
1923184217917120868,Fri May 16 01:10:23 +0000 2025,tj,bingung,NEG,1.0
1923182770043363696,Fri May 16 01:04:38 +0000 2025,transportasi,enaknya,POS,0.6984
1923174891802472498,Fri May 16 00:33:19 +0000 2025,Bus,banyak,POS,1.0
1923174674394931266,Fri May 16 00:32:27 +0000 2025,haltenya,gedebuk,POS,0.9659
1919903387258389002,Tue May 06 23:53:32 +0000 2025,TJ,turun,NEU,0.9906
1919902992351818215,Tue May 06 23:51:58 +0000 2025,tj,nempel,NEG,1.0
1919902863318229323,Tue May 06 23:51:27 +0000 2025,tj,wangi,POS,1.0
1919902811912892542,Tue May 06 23:51:15 +0000 2025,TJ,going,NEU,1.0
1919901624874799216,Tue May 06 23:46:32 +0000 2025,tj,duduk,POS,0.7195
1919898699632980140,Tue May 06 23:34:54 +0000 2025,tj,Kebalik,NEG,0.9998
1919896330006049037,Tue May 06 23:25:29 +0000 2025,TJ,capek,NEG,0.8626
1919896330006049037,Tue May 06 23:25:29 +0000 2025,TJ,macet,NEG,1.0
1919896236225642792,Tue May 06 23:25:07 +0000 2025,halte,berada,NEU,0.8236
1919896236225642792,Tue May 06 23:25:07 +0000 2025,4C,berada,NEU,0.9589
1919890492679995531,Tue May 06 23:02:17 +0000 2025,TJ,ASUUUUWUSUWH,NEG,0.9974
1919889144160874995,Tue May 06 22:56:56 +0000 2025,tj,Duduk,POS,0.5766
1919880916543144185,Tue May 06 22:24:14 +0000 2025,PNS,Rame,NEG,0.7061
1919880916543144185,Tue May 06 22:24:14 +0000 2025,TJ,Rame,NEG,0.6177
1919877032164352472,Tue May 06 22:08:48 +0000 2025,TJ,Hi,NEU,0.3395
1919872605869289929,Tue May 06 21:51:13 +0000 2025,Tj,bayo,NEU,0.5703
1919859904912793860,Tue May 06 21:00:45 +0000 2025,Tj,Gm,NEG,0.9936
1919857577187303506,Tue May 06 20:51:30 +0000 2025,tj,Depuis,NEG,0.9995
1919844675235840217,Tue May 06 20:00:14 +0000 2025,stempel,rusak,NEG,1.0
1919838987147215130,Tue May 06 19:37:38 +0000 2025,tj,lembek,NEG,1.0
1919836108197691429,Tue May 06 19:26:11 +0000 2025,tj,sthn,NEG,0.7895
1919827997420405131,Tue May 06 18:53:57 +0000 2025,TJ,GM,NEG,0.9936
1919808457013903686,Tue May 06 17:36:19 +0000 2025,busway,berhenti,NEU,1.0
1919805571999441274,Tue May 06 17:24:51 +0000 2025,lrt,Bisa,POS,0.8874
1919804680047133017,Tue May 06 17:21:18 +0000 2025,busway,muter2,NEG,1.0
1919803739948605835,Tue May 06 17:17:34 +0000 2025,TJ,Hajj,NEG,0.9365
1919799875937440103,Tue May 06 17:02:13 +0000 2025,tj,kejedot,NEG,1.0
1919798526936285564,Tue May 06 16:56:51 +0000 2025,tj,nangis,NEG,1.0
1919796477754589364,Tue May 06 16:48:43 +0000 2025,tj,berhasil,POS,0.9998
1919794935802298518,Tue May 06 16:42:35 +0000 2025,TJ,serem,NEG,1.0
1919791437106872701,Tue May 06 16:28:41 +0000 2025,transjakarta,bagusan,POS,0.999
1919787926461788456,Tue May 06 16:14:44 +0000 2025,TJ,layang,NEG,0.5075
1919787814826476036,Tue May 06 16:14:17 +0000 2025,dia,bau,NEG,0.9132
1919786729638396026,Tue May 06 16:09:58 +0000 2025,transjakarta,Seru,POS,0.9599
1919785168057074155,Tue May 06 16:03:46 +0000 2025,makhluknya,sadar,POS,0.8374
1919782706092900808,Tue May 06 15:53:59 +0000 2025,busway,mules,NEG,1.0
1919782038091268533,Tue May 06 15:51:20 +0000 2025,atasnya,terbuka,POS,0.9982
1919781536813220334,Tue May 06 15:49:20 +0000 2025,Tj,Tergantung,NEG,0.8416
1919780127845843244,Tue May 06 15:43:44 +0000 2025,tj,oren,NEG,1.0
1919780088159338945,Tue May 06 15:43:35 +0000 2025,TJ,stuck,NEG,1.0
1919778837165904207,Tue May 06 15:38:37 +0000 2025,TJ,LELE,POS,0.9775
1919776520962507038,Tue May 06 15:29:24 +0000 2025,tj,bengep,NEG,1.0
1919776520962507038,Tue May 06 15:29:24 +0000 2025,muka,bengep,NEG,1.0
1919775664762204220,Tue May 06 15:26:00 +0000 2025,bus,war,POS,0.6899
1919774387026182490,Tue May 06 15:20:56 +0000 2025,tj,sinkron,POS,1.0
1919774387026182490,Tue May 06 15:20:56 +0000 2025,tj,aneh,NEG,1.0
1919770424822604256,Tue May 06 15:05:11 +0000 2025,tj,ganteng,POS,0.7581
1919770305737687147,Tue May 06 15:04:43 +0000 2025,TJ,berdiri,NEG,1.0
1919770217573421168,Tue May 06 15:04:22 +0000 2025,nunggu,cape,NEG,1.0
1919769298018697352,Tue May 06 15:00:42 +0000 2025,Tj,bau,NEG,1.0
1919769298018697352,Tue May 06 15:00:42 +0000 2025,Tj,apek,NEG,0.9988
1919764927889461550,Tue May 06 14:43:20 +0000 2025,tj,nginep,NEG,1.0
1919764499751391400,Tue May 06 14:41:38 +0000 2025,tj,enak,POS,0.9994
1919761371006439630,Tue May 06 14:29:12 +0000 2025,tj,dikit,NEG,0.7149
1919761346813730946,Tue May 06 14:29:07 +0000 2025,tj,baiknya,POS,0.9997
1919760152376569933,Tue May 06 14:24:22 +0000 2025,tj,gampang,POS,0.9981
1919759405425557612,Tue May 06 14:21:24 +0000 2025,Tj,naik,NEU,1.0
1919757030392201224,Tue May 06 14:11:58 +0000 2025,botinya,menggalau,NEG,0.9993
1919755538705043523,Tue May 06 14:06:02 +0000 2025,tj,aneh,NEG,0.854
1919755538705043523,Tue May 06 14:06:02 +0000 2025,tj,dikit,NEG,1.0
1919755438414868642,Tue May 06 14:05:38 +0000 2025,BUSWAY,CAPEK,NEG,1.0
1919754659654451533,Tue May 06 14:02:32 +0000 2025,tj,remuk,NEG,1.0
1919753164339003585,Tue May 06 13:56:36 +0000 2025,busway,Br,NEG,0.9999
1919752119516618763,Tue May 06 13:52:27 +0000 2025,tj,ajg,NEG,1.0
1919752119516618763,Tue May 06 13:52:27 +0000 2025,tj,dingin,NEG,1.0
1919751211273879589,Tue May 06 13:48:50 +0000 2025,tj,jauh,NEG,1.0
1919750998274523323,Tue May 06 13:47:59 +0000 2025,call,senyap,NEG,0.9999
1919750998274523323,Tue May 06 13:47:59 +0000 2025,center,senyap,NEG,1.0
1919750024323596493,Tue May 06 13:44:07 +0000 2025,TJ,keturon,NEG,0.599
1919750024323596493,Tue May 06 13:44:07 +0000 2025,TJ,bablas,NEG,1.0
1919749724145377749,Tue May 06 13:42:56 +0000 2025,tj,terakhir,NEU,1.0
1919748692430749929,Tue May 06 13:38:50 +0000 2025,kabel,rusak,NEG,1.0
1919748692430749929,Tue May 06 13:38:50 +0000 2025,charger,rusak,NEG,0.9667
1919748692430749929,Tue May 06 13:38:50 +0000 2025,kuku,bermasalah,NEG,1.0
1919745708154093896,Tue May 06 13:26:58 +0000 2025,antri,stress,NEG,1.0
1919745282545254481,Tue May 06 13:25:17 +0000 2025,nunggu,Masih,NEG,1.0
1919743568131866812,Tue May 06 13:18:28 +0000 2025,tj,keras,NEG,0.9942
1919742861056098582,Tue May 06 13:15:39 +0000 2025,Tj,singkatan,NEU,0.9999
1919742615492428093,Tue May 06 13:14:41 +0000 2025,radarnya,dimatiin,NEG,1.0
1919742615492428093,Tue May 06 13:14:41 +0000 2025,supirnya,dimatiin,NEG,1.0
1919742233827541147,Tue May 06 13:13:10 +0000 2025,tj,nungguin,NEG,0.9979
1919739823117774916,Tue May 06 13:03:35 +0000 2025,kepala,remuk,NEG,0.727
1919739562005287023,Tue May 06 13:02:33 +0000 2025,TJ,Gm,NEG,0.9936
1919739248690765839,Tue May 06 13:01:18 +0000 2025,tj,berani,NEU,0.9991
1919739248690765839,Tue May 06 13:01:18 +0000 2025,tj,sendirian,NEG,0.953
1919738057177149695,Tue May 06 12:56:34 +0000 2025,saldonya,kesedot,NEG,1.0
1919736298706759895,Tue May 06 12:49:35 +0000 2025,TJ,CEKIKIKAN,NEG,1.0
1919735624694677619,Tue May 06 12:46:54 +0000 2025,TJ,isih,NEU,0.6447
1919735472131019063,Tue May 06 12:46:18 +0000 2025,tj,duduk,POS,1.0
1919735361145536749,Tue May 06 12:45:51 +0000 2025,busway,maksa,NEG,1.0
1919734826137239948,Tue May 06 12:43:44 +0000 2025,tj,ngantuk,NEG,1.0
1919734826137239948,Tue May 06 12:43:44 +0000 2025,tj,melek,NEG,0.7915
1919734017999700150,Tue May 06 12:40:31 +0000 2025,tj,nyerah,NEG,1.0
1919732904814641513,Tue May 06 12:36:06 +0000 2025,busway,beroperasi,NEU,1.0
1919732366437974427,Tue May 06 12:33:57 +0000 2025,tj,jatuh,NEG,0.9997
1919732001273270553,Tue May 06 12:32:30 +0000 2025,tj,antre,NEG,0.9923
1919732001273270553,Tue May 06 12:32:30 +0000 2025,antre,panjang,NEG,0.9931
1919732001273270553,Tue May 06 12:32:30 +0000 2025,tj,panjang,NEG,0.9998
1919731738919764242,Tue May 06 12:31:28 +0000 2025,TJ,kosong,NEU,1.0
1919731692434293044,Tue May 06 12:31:17 +0000 2025,tj,pernah,NEU,0.6704
1919730970351313392,Tue May 06 12:28:24 +0000 2025,Mukanya,perpaduan,POS,0.4563
1919729880331387199,Tue May 06 12:24:04 +0000 2025,tj,berdiri,NEG,1.0
1919729493196845366,Tue May 06 12:22:32 +0000 2025,kursi,kosong,NEU,0.8056
1919729493196845366,Tue May 06 12:22:32 +0000 2025,TJ,berdiri,NEG,0.9352
1919729254738395430,Tue May 06 12:21:35 +0000 2025,tj,ada,NEU,1.0
1919728219374198940,Tue May 06 12:17:28 +0000 2025,Tj,Gm,NEG,0.9936
1919727981188030956,Tue May 06 12:16:32 +0000 2025,jalur,STERIL,POS,0.9999
1919727981188030956,Tue May 06 12:16:32 +0000 2025,TJ,STERIL,POS,0.6005
1919727333360926980,Tue May 06 12:13:57 +0000 2025,TransJakarta,Sekalian,POS,0.4226
1919726199691215360,Tue May 06 12:09:27 +0000 2025,busway,dingin,NEG,1.0
1919725729106874590,Tue May 06 12:07:35 +0000 2025,armada,tambah,NEG,0.9975
1919725396649738382,Tue May 06 12:06:15 +0000 2025,tj,betul,NEU,0.8683
1919725076963819810,Tue May 06 12:04:59 +0000 2025,Tj,lurus,NEU,0.899
1919723372369617188,Tue May 06 11:58:13 +0000 2025,TJ,penuh,NEG,1.0
1919722734382096672,Tue May 06 11:55:41 +0000 2025,lingkungannya,enak,POS,1.0
1919722628199133247,Tue May 06 11:55:15 +0000 2025,TJ,gbisa,NEG,1.0
1919722054947111072,Tue May 06 11:52:59 +0000 2025,duitnya,gede,POS,1.0
1920626699718262917,Thu May 08 23:47:43 +0000 2025,jurusan,Salah,NEG,0.99
1920626699718262917,Thu May 08 23:47:43 +0000 2025,tj,Salah,NEG,1.0
1920625570607493501,Thu May 08 23:43:14 +0000 2025,tj,sepi,POS,1.0
1920623770479280182,Thu May 08 23:36:05 +0000 2025,busway,gaenak,NEG,1.0
1920623770479280182,Thu May 08 23:36:05 +0000 2025,busway,duduk,POS,0.8846
1920622332151845111,Thu May 08 23:30:22 +0000 2025,Transjakarta,desek,NEG,1.0
1920622332151845111,Thu May 08 23:30:22 +0000 2025,Transjakarta,desekan,NEG,1.0
1920620339857375730,Thu May 08 23:22:27 +0000 2025,anggaran,kemana,NEG,0.9865
1920617053985095763,Thu May 08 23:09:23 +0000 2025,TJ,Dingin,NEG,1.0
1920616611167322134,Thu May 08 23:07:38 +0000 2025,rakyat,senang,POS,0.7297
1920614501633671465,Thu May 08 22:59:15 +0000 2025,TJ,empel,NEG,0.994
1920612813069758794,Thu May 08 22:52:32 +0000 2025,transum,bagus,POS,0.9959
1920608683085504861,Thu May 08 22:36:07 +0000 2025,transjakarta,adakan,POS,0.625
1920603377202790745,Thu May 08 22:15:02 +0000 2025,TJ,Yeldon,NEG,1.0
1920601851462103188,Thu May 08 22:08:59 +0000 2025,TJ,rute,NEU,1.0
1920592152343556187,Thu May 08 21:30:26 +0000 2025,macetnya,dikit,NEG,0.9838
1920588604713091353,Thu May 08 21:16:20 +0000 2025,TJ,belagu,NEG,1.0
1920562585885421983,Thu May 08 19:32:57 +0000 2025,transjakarta,desek,NEG,1.0
1920562585885421983,Thu May 08 19:32:57 +0000 2025,transjakarta,desekan,NEG,1.0
1920560144909222359,Thu May 08 19:23:15 +0000 2025,tj,Ayo,POS,0.9668
1920557744567767317,Thu May 08 19:13:43 +0000 2025,Transjakarta,beroperasi,NEU,1.0
1920557627932578192,Thu May 08 19:13:15 +0000 2025,TJ,dh,NEU,0.9778
1920551369905484125,Thu May 08 18:48:23 +0000 2025,kendaraan,memperlambat,NEG,1.0
1920534771597521279,Thu May 08 17:42:26 +0000 2025,tj,gemes,NEG,1.0
1920534732187615301,Thu May 08 17:42:16 +0000 2025,tj,capee,NEG,1.0
1920534676764066032,Thu May 08 17:42:03 +0000 2025,ANGKOT,ADA,NEU,1.0
1920534298538430784,Thu May 08 17:40:33 +0000 2025,TJ,Malibu,NEG,0.9334
1920533246468604260,Thu May 08 17:36:22 +0000 2025,Transjakarta,Gratis,POS,1.0
1920528130189496367,Thu May 08 17:16:02 +0000 2025,busway,rute,POS,0.8178
1920528113114755343,Thu May 08 17:15:58 +0000 2025,tj,huru,NEG,1.0
1920528113114755343,Thu May 08 17:15:58 +0000 2025,haranya,huru,NEG,0.9809
1920525274694721648,Thu May 08 17:04:41 +0000 2025,tj,capenya,NEG,1.0
1920521145499238468,Thu May 08 16:48:17 +0000 2025,Senayan,murah,POS,0.9999
1920521145499238468,Thu May 08 16:48:17 +0000 2025,Senayan,strategis,POS,0.9992
1920520135569297537,Thu May 08 16:44:16 +0000 2025,tj,lanat,NEU,0.7867
1920518979191259486,Thu May 08 16:39:40 +0000 2025,TJ,Lock,NEU,0.8957
1920517145382830472,Thu May 08 16:32:23 +0000 2025,nyetir,Enak,POS,1.0
1920516141736460558,Thu May 08 16:28:24 +0000 2025,tj,nyasar,NEG,1.0
1920514139056656833,Thu May 08 16:20:26 +0000 2025,TJ,Monterde,NEG,1.0
1920514100091605496,Thu May 08 16:20:17 +0000 2025,tj,ekspansi,NEU,0.507
1920512962436976703,Thu May 08 16:15:46 +0000 2025,busway,nangis,NEG,1.0
1920512962436976703,Thu May 08 16:15:46 +0000 2025,busway,sakitttttt,NEG,0.8996
1920511265471877550,Thu May 08 16:09:01 +0000 2025,tj,berdesakan,NEG,1.0
1920509991121006953,Thu May 08 16:03:57 +0000 2025,tj,bisa,NEU,0.9984
1920508781211025462,Thu May 08 15:59:09 +0000 2025,busway,naik,NEG,0.8766
1920507748136923173,Thu May 08 15:55:03 +0000 2025,kebijakannya,suka,POS,0.9999
1920505469757538585,Thu May 08 15:45:59 +0000 2025,busway,gratis,POS,1.0
1920505081822392666,Thu May 08 15:44:27 +0000 2025,DBH,missleading,NEG,0.9987
1920505081822392666,Thu May 08 15:44:27 +0000 2025,DKJ,besar,POS,0.7229
1920505081822392666,Thu May 08 15:44:27 +0000 2025,Bebannya,besar,POS,0.7979
1920505081822392666,Thu May 08 15:44:27 +0000 2025,Bebannya,besar,POS,0.9442
1920505081822392666,Thu May 08 15:44:27 +0000 2025,TJ,murah,POS,1.0
1920504452785557875,Thu May 08 15:41:57 +0000 2025,tj,semangat,POS,0.9996
1920504452785557875,Thu May 08 15:41:57 +0000 2025,liga,dzolim,NEG,0.6071
1920504069736874293,Thu May 08 15:40:26 +0000 2025,harmoni,dipecepat,NEG,0.7099
1920503624104366203,Thu May 08 15:38:39 +0000 2025,ayam,enak,POS,1.0
1920502687163945221,Thu May 08 15:34:56 +0000 2025,kento,cidera,NEG,0.8474
1920502342954463286,Thu May 08 15:33:34 +0000 2025,tj,hemat,POS,1.0
1920502306040406172,Thu May 08 15:33:25 +0000 2025,tj,otw,POS,0.9972
1920501427857666297,Thu May 08 15:29:56 +0000 2025,tj,ada,NEU,1.0
1920501347352518915,Thu May 08 15:29:37 +0000 2025,tj,madu,POS,0.9649
1920499218499649669,Thu May 08 15:21:09 +0000 2025,tarif,naik,NEU,0.9995
1920499113281335576,Thu May 08 15:20:44 +0000 2025,tj,brt,NEU,1.0
1920498441207091544,Thu May 08 15:18:04 +0000 2025,tj,nangis,NEG,1.0
1920498441207091544,Thu May 08 15:18:04 +0000 2025,tj,dikit,NEG,1.0
1920498309904351544,Thu May 08 15:17:32 +0000 2025,busway,gaperlu,POS,0.9977
1920496898408132970,Thu May 08 15:11:56 +0000 2025,nunggu,gaperlu,POS,0.7412
1920496898408132970,Thu May 08 15:11:56 +0000 2025,nunggu,cape2,NEG,1.0
1920496757877961129,Thu May 08 15:11:22 +0000 2025,mesen,salah,NEG,1.0
1920496757877961129,Thu May 08 15:11:22 +0000 2025,tj,nyasar,NEG,0.9952
1920495348784517366,Thu May 08 15:05:46 +0000 2025,petugas,tanya,NEG,0.9922
1920494114925392325,Thu May 08 15:00:52 +0000 2025,Transjakarta,GRATIS,POS,1.0
1920494114925392325,Thu May 08 15:00:52 +0000 2025,Transjakarta,gratis,POS,0.9996
1920493978559857101,Thu May 08 15:00:20 +0000 2025,busway,jatuhnya,NEG,1.0
1920492305628459128,Thu May 08 14:53:41 +0000 2025,tj,berhenti,NEU,1.0
1920492185985712422,Thu May 08 14:53:12 +0000 2025,gajinya,cilik,NEG,0.6104
1920492079001841917,Thu May 08 14:52:47 +0000 2025,tj,kaku,NEG,1.0
1920492018272518366,Thu May 08 14:52:32 +0000 2025,tj,jarang,NEG,1.0
1920484786663272722,Thu May 08 14:23:48 +0000 2025,busway,rute,NEU,1.0
1920482294445314469,Thu May 08 14:13:54 +0000 2025,enamel,ilang,NEG,1.0
1920482153223369180,Thu May 08 14:13:20 +0000 2025,TJ,huli,POS,0.389
1920480891689635847,Thu May 08 14:08:20 +0000 2025,ketikannya,jaga,NEG,1.0
1920480664857493895,Thu May 08 14:07:25 +0000 2025,tj,cocok,POS,0.4783
1920480385386860879,Thu May 08 14:06:19 +0000 2025,TJ,Monterde,NEG,1.0
1920479366049325551,Thu May 08 14:02:16 +0000 2025,TJ,Ketiduran,NEG,1.0
1920478659720167737,Thu May 08 13:59:27 +0000 2025,tj,murah,POS,1.0
1920477100730982564,Thu May 08 13:53:16 +0000 2025,busway,berdesakan,NEG,1.0
1920476468208902494,Thu May 08 13:50:45 +0000 2025,transum,gratis,POS,1.0
1920475803076223359,Thu May 08 13:48:06 +0000 2025,busway,penuh,NEG,1.0
1920474548119523395,Thu May 08 13:43:07 +0000 2025,mobil,gapunya,NEG,0.9889
1920474503018139726,Thu May 08 13:42:56 +0000 2025,transjakarta,sendirian,NEG,1.0
1920473751109382354,Thu May 08 13:39:57 +0000 2025,TJ,madu,POS,1.0
1920472867751539163,Thu May 08 13:36:26 +0000 2025,tj,Akuu,POS,0.9941
1920472867751539163,Thu May 08 13:36:26 +0000 2025,tj,rame,POS,0.9438
1920472607893463338,Thu May 08 13:35:25 +0000 2025,tj,susul,NEG,1.0
1920472373800862109,Thu May 08 13:34:29 +0000 2025,TJ,Range,POS,0.5782
1920472373800862109,Thu May 08 13:34:29 +0000 2025,harga,Range,NEG,0.5937
1920471453063164199,Thu May 08 13:30:49 +0000 2025,transjakarta,kondisi,NEG,0.9978
1920471227090571526,Thu May 08 13:29:55 +0000 2025,tj,nyasar,NEG,1.0
1920470621051396430,Thu May 08 13:27:31 +0000 2025,tj,sepi,POS,1.0
1920468743009992875,Thu May 08 13:20:03 +0000 2025,rute,blom,NEG,1.0
1920467450199748826,Thu May 08 13:14:55 +0000 2025,aksesnya,sulit,NEG,1.0
1920466874493485277,Thu May 08 13:12:38 +0000 2025,tj,sepi,POS,0.998
1920466874493485277,Thu May 08 13:12:38 +0000 2025,tj,enak,POS,0.9655
1920466847884779701,Thu May 08 13:12:31 +0000 2025,tj,go,NEU,0.7013
1920465450271715827,Thu May 08 13:06:58 +0000 2025,tj,rame,NEG,1.0
1920465450271715827,Thu May 08 13:06:58 +0000 2025,bapak,kasian,NEG,1.0
1920464899798446508,Thu May 08 13:04:47 +0000 2025,TJ,ditolak,NEG,0.8055
1920464602447351808,Thu May 08 13:03:36 +0000 2025,tj,kemajuan,POS,0.8629
1920463949205569781,Thu May 08 13:01:00 +0000 2025,busway,rapih,POS,1.0
1920463455594627450,Thu May 08 12:59:02 +0000 2025,supir,enak,POS,0.9999
1920463323675406673,Thu May 08 12:58:31 +0000 2025,jalurnya,dijagain,NEG,1.0
1920463323675406673,Thu May 08 12:58:31 +0000 2025,bus,desak2an,NEG,1.0
1920463151172026614,Thu May 08 12:57:50 +0000 2025,TJ,antre,NEU,0.9301
1920461980827050074,Thu May 08 12:53:11 +0000 2025,tj,gaada,NEG,1.0
1920461846479241664,Thu May 08 12:52:39 +0000 2025,tj,kejebak,NEG,1.0
1920461557739475338,Thu May 08 12:51:30 +0000 2025,pinggang,copot,NEG,0.981
1920461557739475338,Thu May 08 12:51:30 +0000 2025,tj,copot,NEG,1.0
1920461058537386177,Thu May 08 12:49:31 +0000 2025,tj,Cape,NEG,1.0
1920461058537386177,Thu May 08 12:49:31 +0000 2025,tj,kuat,NEG,0.9832
1920460452451983652,Thu May 08 12:47:06 +0000 2025,supir,magang,NEU,0.9999
1920460297455706197,Thu May 08 12:46:29 +0000 2025,supir,turun,NEU,1.0
