"id","created_at","username","text","retweets","likes","lang"
"1920629402846835192","Thu May 08 23:58:27 +0000 2025","veraauftrance","@PT_Transjakarta Saya liat di layarnya hanya 30-35km/jam, menurut driver yg saya tanya mentok disitu gas mobilnya karna sudah terkunci ga bisa lebih cepat. Kalo peraturannya maks 60km/jam kok gas mobilnya di buat mentok ga sampe 60? Peraturan dgn di lapangan kok beda? Izin bertanya","0","0","in"
"1920629053532312036","Thu May 08 23:57:04 +0000 2025","ahmadsaifulch","@Ivonedarm @cinggaro @Jominangg Masa sih g kepikiran pemimpin sebelumnya? Smua sudah memikirkan integrasi transum ini, tp saat itu mereka hrs sibuk bangun infrastrturnya dulu, dimulai Bang Yos, Fauzi B dg TJ dan Pak Jokowi dg MRT, Ahok dg Koridor layang TJ..  Lha era Pak Anies bangun infrastruktur transum apa? https://t.co/ilwyM9C9fl","0","0","in"
"1920628786363838867","Thu May 08 23:56:00 +0000 2025","worksfess","Work! Guys, kalian yg kerja di tanjung duren sekitar yang ngelewatin semanggi ada jalan lain ga ya biar g kena macet di sana kalau pulang untuk yang naik tj ke arah jaksel? Please kalau ada tips kasih tau sender 😭","0","1","in"
"1920628419236409685","Thu May 08 23:54:33 +0000 2025","me_umeus","@ate_TJ Inaangat ang fave, habang binababa yung tatlo 😶","1","5","tl"
"1920627584787677327","Thu May 08 23:51:14 +0000 2025","iwnnabeu","@PT_Transjakarta Bukan sih gua ngebedain laki sm perempuan, biasanya juga gua naik di pintu belakang laki laki nya jg fine fine aja ga ada yang mepet mepet gini. Gua jdi ga nyaman banget gr gr kejadian hari ini  Ternya di hal yang berbau khusus wanita ga menjamin bakalan safe dari hal hal ky gt","0","0","in"
"1920627207119970688","Thu May 08 23:49:44 +0000 2025","veraauftrance","@PT_Transjakarta Spt nya juga mesti di cek apakah gas mobil nya di kunci? Soalnya knp semua driver 10D lamban semua .. tolong ya di cek kendaraannya juga karna saya coba tanya drivernya penyebabnya adalah gas mobil nya yg di kunci dgn speed tertentu jadi ga bisa cepat. Solve this please","0","0","in"
"1920626699718262917","Thu May 08 23:47:43 +0000 2025","skooklvy","Salah naik jurusan tj wkwk","0","0","in"
"1920626155352146307","Thu May 08 23:45:33 +0000 2025","iwnnabeu","SUMPAH GUA MARAH BNGT SAMA TJ @PT_Transjakarta  Tolong ya lain kali kalo naikin penumpang di HALTE VELBAK pintu depan tuh khusus wanita kalo ada LAKI LAKI yang antri disitu tolong suruh pindah ke belakang aja deh","0","1","in"
"1920625797208912307","Thu May 08 23:44:08 +0000 2025","feynandrem","jalur jalur tj gitu liat dimana yah...","0","0","in"
"1920625570607493501","Thu May 08 23:43:14 +0000 2025","DewiSefrina2","Sumpah tumbenan yak tj sepi, alhamdulillah kek nya tau aja nih hari ini gua sedang kembalikan mood yg udah rusak dari maren²","0","0","in"
"1920625323244142868","Thu May 08 23:42:15 +0000 2025","JBruns01","@watCHANEYebrow @UniqueFinds09 @TJ_Hester_ Kahn’s","0","1","in"
"1920624627333935411","Thu May 08 23:39:29 +0000 2025","delramdaniawati","Rekayasa pintu keluar tanjung barat ga ramah pejalan kaki. Yang tadinya stasiun connect halte angkot dan busway. Jadi disconnect karena harus naim turun dan keliling. Alhasil orang2 jadi milih nyebrang langsung daripada harus jalan lagi ke jpo. Risiko kecelakaan. @CommuterLine 🤬 https://t.co/ELcs0Ag6x5","2","7","in"
"1920623770479280182","Thu May 08 23:36:05 +0000 2025","haloakumiar","gaenak badan semoga ada tempat duduk di busway","0","0","in"
"1920623381449216048","Thu May 08 23:34:32 +0000 2025","tellatillo","sejak kapan tj pake ai jir?","0","0","in"
"1920622332151845111","Thu May 08 23:30:22 +0000 2025","topmarkotop21","@tanyarlfes FB ak minn, effort bgt nih smbil desek desekan di Transjakarta 😮‍💨😮‍💨 https://t.co/IJh0xCFEgA","0","1","in"
"1920622118921760834","Thu May 08 23:29:31 +0000 2025","ahmadsaifulch","@rachardiana_ayu @Jominangg Eh Pak Anies selama 5 tahun di Jakarta ga lho bikin infrastruktur transportasi.. Tidak ada penambahan koridor TJ, LRT Kelapa Gading - Rawamangun - Dukuh Atas di hentikan..","0","1","in"
"1920621793506722208","Thu May 08 23:28:13 +0000 2025","defdesrm","@RafifFadhlurra4 @PT_Transjakarta pake ini aja kyknya deh, biasa pake koridor 7. thx kak 😊","0","0","in"
"1920621701139742890","Thu May 08 23:27:51 +0000 2025","quicksulver","@PT_Transjakarta kalau dari hakte monas mau ke bekasi timur naik apa aja ya?","0","0","in"
"1920621412298944595","Thu May 08 23:26:42 +0000 2025","salllsxyz","Min tolong info 7B arah Blok M saya di Sbr.Polsek Ciracas @PT_Transjakarta di maps gak detect","0","0","in"
"1920621193826046334","Thu May 08 23:25:50 +0000 2025","libraliry","tj hari ini bagus bgtt, ada tv dan soundnya. baru masuk bgt lagu CJR  - lebih baik on playing. langsung komat kamit sing a song","0","0","in"
"1920620934743883940","Thu May 08 23:24:48 +0000 2025","nonchalanxt","BMP-240399 koridor 8 Bagian deket pintu depan bau ya.. Kaya bau pipis+pup gitu.. Gaenak banget baunya.. Akhirnya saya jadi pindah ke tempat perempuan walaupun berdiri.. @PT_Transjakarta","0","0","in"
"1920620339857375730","Thu May 08 23:22:27 +0000 2025","echoPiR","@kegblgnunfaedh padahal jaman sekarang dia bisa liat alokasi anggaran itu kemana. untuk transportasi umum aja,subsidi MRT &amp; Transjakarta aja 4,3 triliun. itupun kebanyakan dinikmati pengguna non ktp jakarta ( termasuk warga jawa barat : Depok,Bekasi,Bogor ). BPJS PBI, KJP dll","28","283","in"
"1920620260241133617","Thu May 08 23:22:08 +0000 2025","Zai_gwn","@tj_my_h Benerrr kaaaann, pdhl kita tuh lg merhatiin kaya Joss d video ini, tp kesan nya kaya Joss lg siap2 mau gelud. Pdhl isi pikiran nya biasa ajaaa.","0","1","in"
"1920620108080427093","Thu May 08 23:21:31 +0000 2025","soleilinspring","that kind of look that will made you fall in love, but when you grew together, ada waktu dimana ada jarak diantara mereka berdua trs akhirnya misah karena beda kantor habis itu blass hilang dari radar tbtb ketemu di TJ damnn,,,","0","0","in"
"1920619813791035523","Thu May 08 23:20:21 +0000 2025","benings_tj2","Sambil nungguin bocil sarapan..  Selamat pagi kamu.. Marikitangopi https://t.co/BcqWgvwZCl","0","30","in"
"1920619234784407818","Thu May 08 23:18:03 +0000 2025","defdesrm","@PT_Transjakarta @PT_Transjakarta halo min, kalo dari tanah merdeka/kp rambutan mau ke grogol petamburan atau jelambar rutenya gimana ya?","0","0","in"
"1920617526850937316","Thu May 08 23:11:16 +0000 2025","creatievs","@PT_Transjakarta min kalo baliknya dari tj duren ke kalideres berarti 3f juga yaa? @PT_Transjakarta","0","0","in"
"1920617449390571764","Thu May 08 23:10:57 +0000 2025","TJMufuta","@Painducongo 😭😭😭😭😭😭😭 Obomi nga","0","1","in"
"1920617053985095763","Thu May 08 23:09:23 +0000 2025","BataviaRegion","Dingin banget nih TJ 🤢","0","0","in"
"1920616776343433675","Thu May 08 23:08:17 +0000 2025","emergencydialll","gajadi lah gue turun di tj barat hari ini, diliat2 jauh bgt tu naik eskalatornye","0","0","in"
"1920616611167322134","Thu May 08 23:07:38 +0000 2025","blablab58431280","@kegblgnunfaedh Lu kasih solusi ABS (asa bapak senang) tanpa pertimbangan matang. Buat budget pengembangan LRT MRT Mana? buat perbaikan jalan? Subsidi TJ dan jaklingko? Jangan asal ceplos biar rakyat nya senang kaya yang udah udah, GA LAKU DISINI BOY","0","5","in"
"1920615616571990105","Thu May 08 23:03:40 +0000 2025","veraauftrance","@PT_Transjakarta Drivernya saya liat cuma 30-35km/jam di tol gmn ga LAMA BANGED SAMPE NYA. Tolong dong itu di tol jalan bebas hambatan kita kejar waktu JANGAN LELET","0","0","in"
"1920615482241003862","Thu May 08 23:03:08 +0000 2025","KopBam","@TJ_kreem @marsillam78 @innovacommunity @grok Wkwkwkwkw... Tipe orang yang nonton korban tombstone piledriver-nya The Undertaker  langsung komen, ""Wah, patah tuh tulang leher""","0","0","in"
"1920614501633671465","Thu May 08 22:59:15 +0000 2025","mod_chips","Jadi gak sudi gw TJ buka rute direct ke bodebek, sono aja lu ktp dom jb empel-empelan naik krl 🫵🏼","0","0","in"
"1920613240519672202","Thu May 08 22:54:14 +0000 2025","87_CR500","@NigelBest5 Jelous.","0","0","in"
"1920613055043400110","Thu May 08 22:53:30 +0000 2025","generasi_analog","MYS 18186 speaker belakang kirinya rusak min @PT_Transjakarta , suaramya kresek kresek, pengumumannya jadi gak jelas","0","0","in"
"1920613005190180939","Thu May 08 22:53:18 +0000 2025","tj_my_h","Cuma hari jumat gw bangun pagi buta gini","0","1","in"
"1920612813069758794","Thu May 08 22:52:32 +0000 2025","w_i_d_h_i","@kegblgnunfaedh Ngaco ah, yg penting segera adain transum yg bagus dan memadai agar ridership TJ naik ke 8jt/hari, biar kenangan hidup di JKT gak cuma macet (dan banjir)","0","0","in"
"1920612793205637231","Thu May 08 22:52:27 +0000 2025","tj_my_h","Pagi pagi udah dibuat mewek,  Sayangku😭😭 💞💕🥰🥰😘","0","0","in"
"1920612034334331138","Thu May 08 22:49:26 +0000 2025","tj_my_h","@Zai_gwn Sama, org org sering menyalah artikan nya,  ditempat kerja gw dulu org pada takut ama gw","0","0","in"
"1920611511199764691","Thu May 08 22:47:22 +0000 2025","realTJBarry","@1Nicdar gaey💥","0","1","in"
"1920610606219968696","Thu May 08 22:43:46 +0000 2025","himawaruii","@PT_Transjakarta min tj13 belum beroperasi dari cbd ciledug ya?","0","0","in"
"1920609790830481475","Thu May 08 22:40:31 +0000 2025","JustinSlayerX","@ColoColo Malos kls!!!","0","0","lv"
"1920609259714158684","Thu May 08 22:38:25 +0000 2025","ialphz","@PT_Transjakarta dari halte halimun ke halte flyover raya bogor paling cepat dengan rute yang mana ya?","0","0","in"
"1920608950640132191","Thu May 08 22:37:11 +0000 2025","terrejaunetvrdc","TJ INFO DU 08 MAI 2025 https://t.co/7I25kbgoBF via @YouTube","0","0","fr"
"1920608742308978939","Thu May 08 22:36:22 +0000 2025","TommyJJunior","Inshallah","1","1","in"
"1920608683085504861","Thu May 08 22:36:07 +0000 2025","bigelll_","Tolong adakan transjakarta via tangsel","0","0","in"
"1920607711542333801","Thu May 08 22:32:16 +0000 2025","tgjain","Abbe bas kar gaamdu , jab kuch real action hoga toh pata nai lagega 😭😂","0","0","in"
"1920606958958133564","Thu May 08 22:29:16 +0000 2025","cakeyred","@PT_Transjakarta s11 pagi arah jelambar telat mulu anjir","0","0","in"
"1920603377202790745","Thu May 08 22:15:02 +0000 2025","cowalker75","@TheRealCruzOx TJ Yeldon","0","2","ht"
"1920602025319952658","Thu May 08 22:09:40 +0000 2025","kkubrakucuk","@TraderJudge Abidir bizim icin tj 🙏🏻","0","1","in"
"1920601851462103188","Thu May 08 22:08:59 +0000 2025","ownkindness","Hi min @PT_Transjakarta tolong bantu jelaskan rute naik TJ jika ingin berangkat dari Jiexpo kemayoran menuju cawang sentral, naik nomor berapa aja ya dan transit mana aja? Thanks in advance","0","0","in"
"1920599918437077423","Thu May 08 22:01:18 +0000 2025","FastGuy90","@GVLA94 @ThltdsBurner @MuricanOriental im a eurasian","0","0","in"
"1920596793546428477","Thu May 08 21:48:53 +0000 2025","RocketshipJ","@TheRealCruzOx TJ Yeldon","0","1","ht"
"1920595290287190074","Thu May 08 21:42:54 +0000 2025","diansheilaprl","@PT_Transjakarta Aku gatau yaa siapa namanya, ibu-ibu sih 2 orang d balai kota dan berumur dua-duanya pokonya dia semalam pas jaga di arah pulogadung karena aku naek dr monas aja udh d deket pintu ga dapat kursi. Mereka berkerudung","0","0","in"
"1920592671791255740","Thu May 08 21:32:30 +0000 2025","RafifFadhlurra4","@UucingOyen @PT_Transjakarta Silahkan naik Koridor 9 jurusan Pluit turun di Grogol Reformasi lalu naik Koridor 3 jurusan Kalideres turun di Kalideres lalu naik JAK.50 jurusan Puri Kembangan","0","0","in"
"1920592152343556187","Thu May 08 21:30:26 +0000 2025","sefalometri","@DukuhAtasBNI2 Lagi2 bersyukurrr naikin TJ jalur langit yg spot macetnya dikit aja","0","0","in"
"1920592126359822822","Thu May 08 21:30:20 +0000 2025","RafifFadhlurra4","@w0am4i @PT_Transjakarta Silahkan naik T11 jurusan Petamburan turun di Kolong Tol Petamburan lalu jalan ke Halte Petamburan disitu naik 3F jurusan Senayan Bank DKI turun di Senayan Bank DKI lalu naik Koridor 1 jurusan Kota turun di MH Thamrin","0","0","in"
"1920590960003576165","Thu May 08 21:25:42 +0000 2025","renzum1","Said by provinsi yg kalo wargamya berangkat kerja ke Jakarta dan pake TransJakarta","0","5","in"
"1920588945668157608","Thu May 08 21:17:42 +0000 2025","TjFisher166","@iAnonPatriot Buh Bye","0","0","in"
"1920588604713091353","Thu May 08 21:16:20 +0000 2025","renzum1","@pras18ter @elisa_jkt Yaa cari di cikarang gih? Transum warganya pergi kerja aja masih dibantu TJ belagu amat ini provinsi gw 🤣🤣","0","2","in"
"1920588516414677235","Thu May 08 21:15:59 +0000 2025","roxy570","lalala20250509005 https://t.co/7bOpOSmyz5","0","8","tl"
"1920587720784531841","Thu May 08 21:12:50 +0000 2025","____rajjy17","@Traves_TJ @Kirikuu20 Aah kabisa Kila nafsi itaonja umauti😂","0","0","in"
"1920586780119605562","Thu May 08 21:09:05 +0000 2025","Hugo664Tj_17","@fuentes2jar Sin GPI 😌","0","1","in"
"1920586571050312008","Thu May 08 21:08:15 +0000 2025","tj_zannah","@zeenatmikail4 Masha Allah","0","0","in"
"1920586486321201157","Thu May 08 21:07:55 +0000 2025","jowandatynuz","@aslinyamanusia_ @panjiraden Setuju ini","0","0","in"
"1920586256074858940","Thu May 08 21:07:00 +0000 2025","jowandatynuz","@panjiraden Mending goal begini drpd pemain kesayangan lu nanacho, buang2 peluang bikin temen males seee amad ini baru pemain wing jd please jng lu belain lg si nanacho","0","8","in"
"1920585637146599713","Thu May 08 21:04:33 +0000 2025","TJSandersLee","@bennyjohnson Bahahahahahaha","0","0","tl"
"1920585595719725562","Thu May 08 21:04:23 +0000 2025","initije","Sponsor Snapdragon, pemain selebrasi pake aipun 😆","0","0","in"
"1920585184371441995","Thu May 08 21:02:45 +0000 2025","initije","Amorim ketika Hojlund ngegolin: 😕 Mount 2nd Goal: 😆","0","1","in"
"1920584844339278159","Thu May 08 21:01:24 +0000 2025","ZakTJ3","@joeluks_cakes Na meme walahi🤣🤣🤣🤣🤣","0","0","tl"
"1920584731147596051","Thu May 08 21:00:57 +0000 2025","C1TYGHOULS","@eumppapenis ntm 🚬 krbk my jam","0","0","in"
"1920584543414759539","Thu May 08 21:00:12 +0000 2025","initije","Stretford End bergemuruh 🔥🔥🔥😤","0","0","in"
"1920584324195209489","Thu May 08 20:59:20 +0000 2025","TuvaJr","@ni_kiarie Labda ukafunge wewe bois","0","1","in"
"1920584099795779697","Thu May 08 20:58:26 +0000 2025","TJLeather1","@Ronxyz00 Dementia Don","0","0","in"
"1920583958107939301","Thu May 08 20:57:52 +0000 2025","markhyu42554919","@tj_my_h keknya krna penumpang kapalnya orang dewasa kak. Aku 27🤭🫣","0","0","in"
"1920583755665694991","Thu May 08 20:57:04 +0000 2025","UmaTj77","@byeirls Kia tu theek hai hahahahahahha","0","0","it"
"1920583327045865577","Thu May 08 20:55:22 +0000 2025","initije","MU: Tutor comeback lagi aja nih gue 🤫","0","0","in"
"1920583179187970466","Thu May 08 20:54:47 +0000 2025","initije","Duel tim kelas bawah 😌😌","0","0","in"
"1920582937667318241","Thu May 08 20:53:49 +0000 2025","TJ_Bass316","Spurs vs Man Utd Europa League Final‼️ https://t.co/FotRiwZbwa","2","2","in"
"1920582534833823921","Thu May 08 20:52:13 +0000 2025","tj1498736646386","@franceey_mary Para kang tanga noh? Ni di ka nga nila kilala hahahaha pathetic mo putangina mo","0","0","tl"
"1920582261453251032","Thu May 08 20:51:08 +0000 2025","_IHAJJUTD_","MOUUNTTTTTTTTTTTTTTT","0","0","in"
"1920582027083911551","Thu May 08 20:50:12 +0000 2025","TjBoy8800","@Vivi220507 @Elmwoodpolo @BriannaWu Benjamin Netanyahu","0","0","in"
"1920580861851820480","Thu May 08 20:45:34 +0000 2025","hayawidianto","@panjiraden Kyk mau naik KRL/Busway ya Ji? Harus tap in","0","1","in"
"1920580393096360060","Thu May 08 20:43:43 +0000 2025","pintot99","@PT_Transjakarta masih berkedip2 ya https://t.co/RH4vwHRpnQ","0","0","in"
"1920579720531357981","Thu May 08 20:41:02 +0000 2025","BungaW52952","shemale or ladyboy/ waria jakarta selatan kuningan. my call or wa : +628818871900 #wariajakarta #shemalejakarta #ladyboyjakarta #Transjakarta https://t.co/VLTAaGZvg1","1","13","in"
"1920579180955111869","Thu May 08 20:38:54 +0000 2025","BamaLFC334","@TheRealCruzOx TJ Yeldon","0","7","ht"
"1920578274176217399","Thu May 08 20:35:17 +0000 2025","Dani15212718","@panggilaja_Tj Sini mas mau kemana aku siap jadi pengantar mu","0","0","in"
"1920577925180518451","Thu May 08 20:33:54 +0000 2025","TuvaJr","Second half hukua yetu.","2","4","in"
"1920576926172783056","Thu May 08 20:29:56 +0000 2025","Dr__cHucHu","@tj_zannah Mu gidanmu sai ka fara magana da iyaye kafin abaka damar zuwa wajenta","0","0","in"
"1920576327603683405","Thu May 08 20:27:33 +0000 2025","BungaW52952","shemale or ladyboy/ waria jakarta selatan kuningan. my call or wa : +628818871900 #wariajakarta #shemalejakarta #ladyboyjakarta #Transjakarta https://t.co/LYuJRIkOzV","1","3","in"
"1920576294070165754","Thu May 08 20:27:25 +0000 2025","UmaTj77","@laalaakhaan Yah kia ho gaya 😭😭😭","0","1","in"
"1920575973331779649","Thu May 08 20:26:09 +0000 2025","TJGlen14","@Cobb_XRPL wooohoooo","0","2","in"
"1920575672822407179","Thu May 08 20:24:57 +0000 2025","fokorsce","Khan shb karain toh cool, main karun tou chapri😓 https://t.co/MBNnE6rTyv","2","89","in"
"1920573261915513269","Thu May 08 20:15:22 +0000 2025","UmaTj77","@michaelscottfc Tauba hahahahahahhahahahahahha","0","2","tl"
"1920573035616104568","Thu May 08 20:14:28 +0000 2025","UmaTj77","@caffeinexher Allah khire karay! Stay safe","0","0","in"
"1920571348914520486","Thu May 08 20:07:46 +0000 2025","chris_mcmahon20","@timmy_durant @andrew_tj_ Embiid Giannis Luka SGA Dirk  6M: Manu","0","1","in"
"1920570541498351937","Thu May 08 20:04:34 +0000 2025","TJDlaminii","Shuthi liyasinda iJersey","0","1","in"
"1920569386852585901","Thu May 08 19:59:58 +0000 2025","TheChelseaWay24","@ATR3lDES ayt man","0","1","tl"
"1920568701906010201","Thu May 08 19:57:15 +0000 2025","Tj254_","Mi nguvu ya kusumbuana na watu ndio mungu akunipea….","3","11","in"
"1920568667781099618","Thu May 08 19:57:07 +0000 2025","TJLoveSr","Tap in https://t.co/BVc2ZPUqwN https://t.co/uvGPfJATcP","0","0","in"
"1920567327814242800","Thu May 08 19:51:48 +0000 2025","TuvaJr","Siwezi kaa macho nikiangalia huu upuzi. Goodnight","0","7","in"
"1920567158506914139","Thu May 08 19:51:07 +0000 2025","amiyadey_tj","@IndianForce_ Jay Hind Ki Sena","0","1","in"
"1920567088210481559","Thu May 08 19:50:50 +0000 2025","fokorsce","@KhawajaMAsif Loru yeh kia kar rha hai tu","0","3","in"
"1920566282233028669","Thu May 08 19:47:38 +0000 2025","_IHAJJUTD_","Ability ya Yaya sanogo kiburi ya Ronaldo Smh","0","0","in"
"1920565733173367033","Thu May 08 19:45:27 +0000 2025","_IHAJJUTD_","Yesu wangu huyo mtoto garnacho https://t.co/tDRq1aXVyi","0","0","in"
"1920565142871322917","Thu May 08 19:43:07 +0000 2025","MaleAdvocate28","@Tj_Benardz Walai","0","0","in"
"1920563055798243412","Thu May 08 19:34:49 +0000 2025","aftaheim","sadar kalo salah masuk koridor transjakarta. tau kalo akan ada halte buat turun di depan sana. tapi gamau turun. bukan karena ga bisa, tapi karena koridor ini yang aku mau. walau tak menentu arahnya, biarlah terbawa entah sampai mana.","0","0","in"
"1920562788436410728","Thu May 08 19:33:45 +0000 2025","mcglouglin","@timmy_durant @andrew_tj_ Steve Nash, Luka, Giannis, Dirk, Hakeem Olajuwon.   Rotation Guys:  Dikembe Mutombo, Kyrie (Australian), Tony Parker, Manu   IR: Joel Embiid","0","2","in"
"1920562585885421983","Thu May 08 19:32:57 +0000 2025","cherrysunnybear","i once lost my kid (boneka bebek lucu gemas kado dari temanku) saat desek-desekan di transjakarta trs setelah itu ak lgsg nangis di halte","0","0","in"
"1920561623485329676","Thu May 08 19:29:08 +0000 2025","_IHAJJUTD_","Dorgu Brudah","0","0","in"
"1920560657335792055","Thu May 08 19:25:17 +0000 2025","tezzygoat5","@UpNextAgency8 @JTuedor @UpnextPatrick @UpnextAyo @WWFE_RCT @eathoops @Uorangemen2 @PrepHoops @ExpoHoops @ExpoRecruits Terrance Roy  Pg sg  6’0 2026 3.1  https://t.co/Ckae6EAZ02","0","0","in"
"1920560238828175788","Thu May 08 19:23:37 +0000 2025","HENDERYW0NGS","@PT_Transjakarta Haloo, hari selasa kemarin pukul 9an pagi saya naik bus transjakarta 2A dan turun di jelambar. Saya kehilangan kartu emoney, jaklingko dan askes apartment saya(terjatuh dari kantung celana). Sampai saat ini apa ada laporan tentang barang hilang tersebut tidak ya?","0","0","in"
"1920560144909222359","Thu May 08 19:23:15 +0000 2025","RedNoobRESPAWND","@youcancallmeTD3 Ayo tj i needa ask u sum in DM's","0","0","in"
"1920559974981288299","Thu May 08 19:22:34 +0000 2025","qwinvaa","@tanyarlfes akuu juga umur 20 kuliah atau kemana² masih suka dianter jemput walau cuma sampe halte tj atau stasiun menurut aku g memalukan dann bersyukur bgt karena ga semua anak bisa merasakan itu😇 jdi jgn malu ya nderr","0","0","in"
"1920558440948134257","Thu May 08 19:16:29 +0000 2025","tj_zeez","@omoyorubaniwa Akanni","0","0","in"
"1920557744567767317","Thu May 08 19:13:43 +0000 2025","freekuzan","@mluthfi_id Transjakarta masih beroperasi y jam 1 malam?","0","0","in"
"1920557627932578192","Thu May 08 19:13:15 +0000 2025","JIRAIYA08029271","@anapaulamof @remediavel @MetralhaNadja15 @EdnadeJesusGab1 @nicolemonteeiro @rosa_lopes_ @barcelks31882 @soniabrandao @bielfazendeiro @VaniaFr23206941 @carvalh45741322 @caladavence2021 @KeylaSo12537323 dh TJ","0","0","in"
"1920555479022891019","Thu May 08 19:04:43 +0000 2025","TKD9223","@NEWSMAX USA! USA! USA! https://t.co/dS2hSO8U6R","0","1","in"
"1920554608662896984","Thu May 08 19:01:15 +0000 2025","ThisUneasiness","@Suzakiori Hallo","0","1","en"
"1920553425630077390","Thu May 08 18:56:33 +0000 2025","UmaTj77","@meinkiakaru Allah tauba hahahahahhahahahahahha","0","0","tl"
"1920551773636297078","Thu May 08 18:49:59 +0000 2025","putra62701451","@giicrsss meet yuu  dom jaksel tj barat bb 55 tb 173  netflix kali","0","0","in"
"1920551583445668055","Thu May 08 18:49:14 +0000 2025","kjeongukie","Joo Jaekyung (JINX) VS TJ (Wet Sand) https://t.co/1cdHPNuXYB","3","102","in"
"1920551373424205861","Thu May 08 18:48:24 +0000 2025","Valentine0002","Mulut oleh petugas TJ dan juga pengendara motor. Ketika di mention soal CCTV si suami pengendara motor tsb langsung menarik tgn istrinya dan pergi. Sumpah ini pengalaman baru bgt buat gw, tapi gw salut bgt ama supir TJ nya. Mana ibu” lagi. Pokoknya semoga ibu","0","0","in"
"1920551369905484125","Thu May 08 18:48:23 +0000 2025","Valentine0002","Penumpang di belakang tidak menggunakan helem. Alih” ngerasa bersalah mereka dengan sengaja memperlambat kendaraan mereka seperti ingin memancing keributan. Akhirnya supir TJ menyuruh mereka menepi lewat isyarat dari dalam bus. Setelah menepi terjadilah adu","0","0","in"
"1920551365970886710","Thu May 08 18:48:22 +0000 2025","Valentine0002","Kronologi:  kejadian Kamis, 8/5/25 sekitaran jam 9.20. Ada pengendara motor maybe suami dan istri tbtb menyalip di dpn Tj. Otomatis TJnya langsung mengklakson panjang. Eh pengendaranya ga terima dan malah mengacungkan jari 🖕🏻sepanjang jalan dengan posisi","0","0","in"
"1920551360744784099","Thu May 08 18:48:21 +0000 2025","Valentine0002","Lokasi : Menteng, Jakarta Pusat 📍  Plis bantu #viral biar ada efek jera! #Thread #transjakarta https://t.co/x92m6eANpF","1","0","in"
"1920549954738925641","Thu May 08 18:42:45 +0000 2025","mluthfi_id","Buat arsip, gue pernah kerja jam 1 malem di Transjakarta. 🫠 https://t.co/qnFLte2ErM","0","3","in"
"1920548697688912140","Thu May 08 18:37:46 +0000 2025","bnuuyhopper","@RABBITPATCHES bnuuuy :D","0","1","in"
"1920548019285459441","Thu May 08 18:35:04 +0000 2025","UmaTj77","@PehnDiSiri Hahahahahahahaahhahahaha","0","0","tl"
"1920547744675979565","Thu May 08 18:33:59 +0000 2025","M_Bununu","@tj_zannah Ok tom inajira","0","1","in"
"1920547678456291452","Thu May 08 18:33:43 +0000 2025","Tj_kind","@jujupunter Bubu","0","0","in"
"1920547572176851065","Thu May 08 18:33:17 +0000 2025","DuBEy_TJ","#BreakingNews PKMKB  #IndiaPakistanWar","0","1","in"
"1920546833513742692","Thu May 08 18:30:21 +0000 2025","fokorsce","Shadow ban hogya. Ab hoga mera academic comeback","0","22","in"
"1920546328725139522","Thu May 08 18:28:21 +0000 2025","Strategic_Teej","Hhahahahahahahahaha","0","0","tl"
"1920546193316118964","Thu May 08 18:27:49 +0000 2025","tj_zannah","@Dr__cHucHu Kema haka saurayin kih ya miki","0","0","in"
"1920546000059371834","Thu May 08 18:27:03 +0000 2025","mert39567379","@lionellsalah Tj shortsa italy forma editi gelirmi hocam","0","1","in"
"1920545947576144190","Thu May 08 18:26:50 +0000 2025","tusar32189","@MrSinha_ Kal subah tak bohot rudali sunne ko milegi left wing se https://t.co/l2KslBUCw0","1","1","in"
"1920545743548383264","Thu May 08 18:26:01 +0000 2025","DehorslaCaq","@JJuteux Herman.","0","0","en"
"1920545741539360803","Thu May 08 18:26:01 +0000 2025","tj_zannah","@M_Bununu Zan Biya kudin Lallen yamin kyau sosai","0","1","in"
"1920545056928169986","Thu May 08 18:23:18 +0000 2025","arkanNJyHjTj","@uforgii_ @ourrhappines_ Angkut ✋😌","0","0","in"
"1920544377086095707","Thu May 08 18:20:36 +0000 2025","ZakTJ3","@kenjimxx Wicked deɛ ohh daabi  Wa sa kɛkɛ","0","0","tl"
"1920543697583632755","Thu May 08 18:17:54 +0000 2025","lkjhgTJ","*nobar keles 🤣","0","0","in"
"1920542767417012692","Thu May 08 18:14:12 +0000 2025","ssusoklat","Cawang  Kalau mau pindah transum dari sini tuh enak banget, mau pindah naik tj bisa pindah lrt juga","0","0","in"
"1920542469940523226","Thu May 08 18:13:01 +0000 2025","arkanNJyHjTj","@pinnexapple Mnding mutualan kak😌😭","0","0","in"
"1920542110408659410","Thu May 08 18:11:35 +0000 2025","tj_anam76895","Capek hidup tapi mati belum siap, hidup sebercanda ini.","0","0","in"
"1920541682459660597","Thu May 08 18:09:53 +0000 2025","UmaTj77","@namaloomafraaad Sahee baat hai hahahahahahhahahah","0","0","tl"
"1920541512237977641","Thu May 08 18:09:13 +0000 2025","TJMufuta","Boko tuna ngulu 😭😭😭😭😭😭","0","0","in"
"1920541432311435323","Thu May 08 18:08:54 +0000 2025","TJ_kreem","@marsillam78 @innovacommunity @grok Lu pasti tipe orang yang kalo nonton di bioskop “wah bohong banget mana ada manusia bisa terbang, kita dibohongin ges pasti ini semua settingan” duh","0","2","in"
"1920541414938792232","Thu May 08 18:08:49 +0000 2025","arkanNJyHjTj","Kalau sudah bangun jam sgini susah banget buat tidur lagi😔","0","0","in"
"1920541040181657866","Thu May 08 18:07:20 +0000 2025","bahlullahadalia","admin @PT_Transjakarta klo udah tengah malem kayak gini, dari terminal kalideres mau ke terminal kampung rambutan bisa gak??","0","0","in"
"1920540903124394385","Thu May 08 18:06:47 +0000 2025","bahlullahadalia","admin @PT_Transjakarta klo udah tengah malem kayak gini dari terminal kalideres mau ke terminal kampung rambutan bisa gak?","0","0","in"
"1920540895457214632","Thu May 08 18:06:46 +0000 2025","Tj_kind","@Emmanuel_Tips Olariwaju","0","0","in"
"1920539780720267525","Thu May 08 18:02:20 +0000 2025","ImShabi7781","@Itzshreyas07 Bc mai pass F-7 mai hi rehta tj udhr hi sunai diya mj tou 10Km k distance pay pata b nhi","0","0","in"
"1920539183678173484","Thu May 08 17:59:57 +0000 2025","syarilzlkf","@PT_Transjakarta Udah ada solusinya belum? Cs lah yang bales jangan bot nya","0","0","in"
"1920538738926485968","Thu May 08 17:58:11 +0000 2025","twkongko","@kegblgnunfaedh Terus subsidi buat jaklingko, MRT, Transjakarta, LRT, kartu jakarta lansia, Bpjs PBI, kartu jakarta pintar, rumah susun dll bayarnya pake apa? Atau dihapus aja? 😂😂😂","1","126","in"
"1920538483761762405","Thu May 08 17:57:11 +0000 2025","arkanNJyHjTj","@azevous ☝️yukk","0","0","in"
"1920538007960236294","Thu May 08 17:55:17 +0000 2025","arkanNJyHjTj","@xytaegii_ FB kak","0","1","tr"
"1920537757476122850","Thu May 08 17:54:17 +0000 2025","arkanNJyHjTj","@mndcts ✋ angkut kuyy","0","1","tl"
"1920537396036149421","Thu May 08 17:52:51 +0000 2025","Ameerhamzatj","@MithilaWaala Indian kab se alllah ko maanany lagy allah o akbar k nary lag rahy video me🫀🥹","0","0","in"
"1920537024802529711","Thu May 08 17:51:23 +0000 2025","Tj33_DXB","@sp0ngeb00 @HORI7ONofficial Ayeeeh kinilig hahahaha⚓💜🌟","0","0","tl"
"1920536734552432920","Thu May 08 17:50:14 +0000 2025","tj_zannah","@Sadiqbiroma @abbkar_ai @Haladuabubakar1 Wannan dai shine abun tambayan daman","0","1","in"
"1920536677971300852","Thu May 08 17:50:00 +0000 2025","arkanNJyHjTj","@applepieesy FB ya","0","1","tr"
"1920536209421451385","Thu May 08 17:48:08 +0000 2025","TjEevee","@RemyTheRedVT Hi hi! https://t.co/STatytHhRg","0","1","ca"
"1920535128092389865","Thu May 08 17:43:51 +0000 2025","fluturxa_","halo min @PT_Transjakarta rute dari gbk ke senanyan park gimana?","0","0","in"
"1920534771597521279","Thu May 08 17:42:26 +0000 2025","wantelahkembali","Mas mas tj nya gemes pen kenalan 😭👉👈","0","2","in"
"1920534732187615301","Thu May 08 17:42:16 +0000 2025","apaasicug","@_myditto Iyaa tapi pas naik tj lebih capee kakkk","0","0","in"
"1920534676764066032","Thu May 08 17:42:03 +0000 2025","panggilajanakyy","@willothewips eh aslikkk....iya..😭😭😭😭. ANGKOT MASIH ADA kok tp will be miss TJ cz TJ adalah teman sejatiku🥹💞","0","0","in"
"1920534404323066049","Thu May 08 17:40:58 +0000 2025","BennyJoehart","@neomyacin Ketemu langsung ke rumahnya langsung dikenalin sama ibunya, setelah itu dia ngajak ke senayan park dan itu pertama kalinya gue naik busway hahaha","0","0","in"
"1920534298538430784","Thu May 08 17:40:33 +0000 2025","LiamKen36796787","@TJRamini Malibu TJ? COYS!","0","1","in"
"1920533251136831947","Thu May 08 17:36:23 +0000 2025","wargaindocom","Dalam sambutannya, Pramono menyampaikan bahwa integrasi moda transportasi seperti LRT, MRT, Transjakarta, dan KRL di kawasan tersebut masih belum sepenuhnya tercapai.  https://t.co/0653ut6iKQ","0","0","in"
"1920533246468604260","Thu May 08 17:36:22 +0000 2025","wargaindocom","Resmi, 15 Golongan Ini Gratis Naik Transjakarta, MRT dan LRT  Jakarta - Gubernur DKI Jakarta Pramono Anung mencanangkan infrastruktur konektivitas terintegrasi di kawasan Dukuh Atas. Dia juga meresmikan layanan transportasi massal gratis bagi 15 golongan masyarakat. https://t.co/pk0KojPUeZ","0","0","in"
"1920530420858565050","Thu May 08 17:25:08 +0000 2025","haloteje","HABEMUS PAPAM !  LEO XXIV https://t.co/f3ASMNdole","0","3","in"
"1920530269406191916","Thu May 08 17:24:32 +0000 2025","monyetjembuten","@kangdia83543807 @hallettebeth @elisa_jkt Boleh. Tapi syaratnya: 1. Warga KTP provinsi sana gaboleh masuk jakarta 2. Transum (KRL, TJ, LRT) gabole keluar jkt   Sanggup ga? bodetabek palingan ngebelot ke jkt. Lumbung pangan masih aman 😂","11","261","in"
"1920530243829325883","Thu May 08 17:24:26 +0000 2025","lkjhgTJ","Icon kota depok","0","0","in"
"1920529115548983326","Thu May 08 17:19:57 +0000 2025","18O__o","#zonauang jasa beli tiket bus top tour jakarta pake astrapay sm app tj","0","0","in"
"1920528734567743875","Thu May 08 17:18:26 +0000 2025","sweetttTee","Isiah 60:22 🙏🏾🙏🏾🙏🏾🙏🏾🙏🏾🙏🏾🙏🏾🙏🏾🙏🏾🙏🏾🙏🏾🙏🏾🙏🏾","0","0","in"
"1920528709091491922","Thu May 08 17:18:20 +0000 2025","lkjhgTJ","Ga ada yg mau mabar final destination apa ya","0","0","in"
"1920528250008150506","Thu May 08 17:16:31 +0000 2025","TeamJOff","Teri Ma ki Chut  Teri Ma ka Bhosda https://t.co/xX8qpp5iRk","13","56","in"
"1920528130189496367","Thu May 08 17:16:02 +0000 2025","mluthfi_id","Gak jadi, OB kantor dah pulang wkwk.. Mau gak mau naik busway rute 24 jam","0","0","in"
"1920528113114755343","Thu May 08 17:15:58 +0000 2025","seocjinnie","mayan hemat energi dan bs lebih santai, setiap naik tj kl pagi huru haranya ada bgt","0","0","in"
"1920527815113318604","Thu May 08 17:14:47 +0000 2025","fokorsce","@laibasheikhsoni @dexiereborn Border pe jana suarni mulk ki itni fiqar hai toh yahan paish na kar","0","0","in"
"1920526974113448309","Thu May 08 17:11:26 +0000 2025","m4m4tj","@Itsmesury19 hotnya cara hisap","0","1","in"
"1920526467034984667","Thu May 08 17:09:26 +0000 2025","panggilaja_Tj","@fa91978 Spill dimana ini","0","0","in"
"1920526368439169175","Thu May 08 17:09:02 +0000 2025","HuntsmanKhyber","@mohit12j @time__square Teenon ka wkts bhi mention kar deta side mein","0","0","in"
"1920526357328478534","Thu May 08 17:08:59 +0000 2025","m4m4tj","@rantau69sex batang besar pastu bontot pun besar😳ngam teruk 😍","0","0","in"
"1920525380030459979","Thu May 08 17:05:06 +0000 2025","Tyo_putra8","@panggilaja_Tj Aku suka banget kl main e kasar","0","0","in"
"1920525274694721648","Thu May 08 17:04:41 +0000 2025","apaasicug","@_myditto Kalo naik tj kelihatan bgt capenya😭","0","0","in"
"1920525255694569495","Thu May 08 17:04:37 +0000 2025","tj_zannah","@abbkar_ai @Haladuabubakar1 Akwai mana","0","0","in"
"1920525178984956210","Thu May 08 17:04:18 +0000 2025","cennierubyjane","@Ilovemeehehe @PT_Transjakarta izin jawab kak, naik 10h turun di bundsen lanjut naik ke blok m trs tap in lagi naik 1E turun depan rs Fatmawati","0","0","in"
"1920525005106131450","Thu May 08 17:03:37 +0000 2025","yuol90","@PT_Transjakarta https://t.co/sCrTCbPz9L min tapi tim pkk termasuk dalam list penerima tj card lho","0","0","in"
"1920524956967792929","Thu May 08 17:03:26 +0000 2025","MphoNdumo3","@Mo2c_TJ @RealTshemedi Mokoena, Allende, Adams? Relax bozza","0","0","in"
"1920524340795154680","Thu May 08 17:00:59 +0000 2025","regent_333","@fokorsce Dhanda b krna h TJ mian, call h aik 😅","0","0","in"
"1920524123710603765","Thu May 08 17:00:07 +0000 2025","tgjain","@Atheist_Krishna abbe bsdk , jaldi jammu pahuncho varna dushman subah ka khana bangalore mein karenge","0","1","in"
"1920523336498446574","Thu May 08 16:56:59 +0000 2025","TuvaJr","Some wagangas are so shameless man. Anaweka namba yake nje ya kanisa kutingisa watu imani?","0","1","in"
"1920523102410178846","Thu May 08 16:56:03 +0000 2025","seapricorn","terus mampir aeon tj barat, sushi date😁👀","0","0","in"
"1920522378922099041","Thu May 08 16:53:11 +0000 2025","fokorsce","@regent_333 Mujahid regent incoming?????","0","1","in"
"1920521929670238291","Thu May 08 16:51:24 +0000 2025","TAB_TAB_HH","@GabbbarSingh Hahaha 🤣 kon si film me?","0","6","tl"
"1920521145499238468","Thu May 08 16:48:17 +0000 2025","yoonie_noona","@kanaluvv Senayan stay. Itungannya murah, strategis, ada fast food, deket minimarket. Ada yang jualan sarapan sama makan malam (nasgor, taichan). 2 hari pulang konser jalan kaki masih aman. Pas tuker tiket bisa pp naik tj (tinggal nyebrang).","0","0","in"
"1920520435499745306","Thu May 08 16:45:28 +0000 2025","tj_zannah","Allah ya saka maka da gidan aljannatul firdus. 🤲🙏","0","0","in"
"1920520135569297537","Thu May 08 16:44:16 +0000 2025","khannida00","@RShahzaddk Kanjar tj pe lanat he lanat","0","0","in"
"1920518979191259486","Thu May 08 16:39:40 +0000 2025","aQuickFixTV","@xJT2K Lock in TJ","0","1","en"
"1920518114674192848","Thu May 08 16:36:14 +0000 2025","edeafee","@AlphaNano @PT_Transjakarta Hasil doa anak baik","0","0","in"
"1920517948558479556","Thu May 08 16:35:35 +0000 2025","paiyp7","Main hari ini pun lemes (WLWKWKWKWK semua main di tahun ini w lemes bgt sorry tbtb aja gt sakit menerjang anjir) hari ini siang-sore super fine, pas otw di tj tbtb perut super nyeri😊☝🏻 jd lemes lah ak ni maunya duduk dmnmn😔","0","0","in"
"1920517918736982147","Thu May 08 16:35:27 +0000 2025","bdbdwinxs","@tanyakanrl pernah di dana, trs banyaj bgtt penipu yg telponin mengatasnamakan dana. untungnya sayaa tidak tertipuu😭","0","0","in"
"1920517471905460738","Thu May 08 16:33:41 +0000 2025","kqyuebie08","@tj_nikolov Nasan na yung sayo? 🥺","0","0","tl"
"1920517411633041677","Thu May 08 16:33:27 +0000 2025","TJsMedias","@Baddringz_dolly MUAH.","0","9","in"
"1920517145382830472","Thu May 08 16:32:23 +0000 2025","AjaTerapis","@ftrboy20 Enak mas nyetir pnting ga ngantuk walau bosen mgkn ga ad temennya, apalah dayaku ketika di jkrta ngekos ngejer LRT, KRL, gojek dan Transjakarta pulang nerapi kekosan. sehat trus untukmu mas","0","0","in"
"1920516998574059860","Thu May 08 16:31:48 +0000 2025","bdbdwinxs","menfess jam seginii isinyaa hororr semuaa dahh :((","0","0","in"
"1920516141736460558","Thu May 08 16:28:24 +0000 2025","cosplaydolo","Today's well-spent: keliling jkt naik tj (walau nyasar)","0","0","in"
"1920515418088722756","Thu May 08 16:25:31 +0000 2025","BuswayFansC","@LetMeSeeTyo Ganti unit menjadi Medium Bus","0","0","in"
"1920514999333892119","Thu May 08 16:23:51 +0000 2025","samgyeopshal","yah gagal dong liat duo gapura (tj &amp; miyaken)🙁","0","0","in"
"1920514754348503207","Thu May 08 16:22:53 +0000 2025","Tj1Ranger","@bts_Asyakookie @vinnerchild_7 Tidur yu udaj mlm..emak lemes soalnya..jgn lipa beli prenta ama tijus","0","0","in"
"1920514750217113678","Thu May 08 16:22:52 +0000 2025","tj_zannah","Mallam Bashir","0","0","in"
"1920514194190815475","Thu May 08 16:20:39 +0000 2025","Tj1Ranger","@bts_Asyakookie @vinnerchild_7 Enak pokonya,cobain sebagai penyrmangat","0","0","in"
"1920514139056656833","Thu May 08 16:20:26 +0000 2025","samasmaverna","@flowersandsvt Nakakaloka kayo yung Dating Tayo pa talaga ni TJ Monterde 😭😭😭","0","0","tl"
"1920514100091605496","Thu May 08 16:20:17 +0000 2025","IrdamJp","@cervidae001 @elisa_jkt Beuh dana hibah buat bodebek kab bogor 900 M cok dari dki,malah gak jadi apa2,di korup semua🤣,transum gak ada,taman2 kota gak ada,yg ada malah tj yg ekspansi ke sana🤣","2","29","in"
"1920513532145086637","Thu May 08 16:18:02 +0000 2025","Tj1Ranger","@vinnerchild_7 @bts_Asyakookie yg rasa kola beeeuuuhhh dahsyat nyoda bgt","0","0","in"
"1920513470560170002","Thu May 08 16:17:47 +0000 2025","asahibyul","#wetsand  tj to ian:                               ian: https://t.co/5pw3EcX73c","0","21","in"
"1920513394097971290","Thu May 08 16:17:29 +0000 2025","Tj1Ranger","@bts_Asyakookie @vinnerchild_7 Beli aja beli,,aernya satu gelas kecil biar ada rasa","0","0","in"
"1920513043265699869","Thu May 08 16:16:05 +0000 2025","Tj1Ranger","Kalau rencengan 4500 g si,","0","0","in"
"1920513002131853376","Thu May 08 16:15:55 +0000 2025","TJMufuta","Nzambi wanyi! Ye Te pardon 😭😭😭😭","0","1","in"
"1920512962436976703","Thu May 08 16:15:46 +0000 2025","wildfl0ower_","tau gaksiiiii rasanya nangis di busway dan dijalan plg tu gmnnnnnn, sakitttttt bgtttt😭😭😭","0","0","in"
"1920512938936353010","Thu May 08 16:15:40 +0000 2025","Torriosh","@nllpointerexcpt Km pulang po?  Iyolah ke Pak Roso","0","0","in"
"1920512853422834078","Thu May 08 16:15:20 +0000 2025","Tj1Ranger","@bts_Asyakookie @vinnerchild_7 Amiiiiiiiiiiiiiiiiiiiiiiiiìiiiiiiiiiiiiiiiiiiiiiiiiiiiiiiiiiiiiiiiiiiiiiiiiiiiiiiiiiiiiiiiiiiiiiiiiiiiiiiiiiiiiiiiiiiiiiiiiiiiiiiiiiiinnnnnnnnnnnnnnnnnnnnn paling oenceng gw","0","0","in"
"1920512610778427404","Thu May 08 16:14:22 +0000 2025","DKIJakarta","Terima kasih atas laporan Anda.  Laporan Anda sudah di proses dengan nomor TW250508161W Pantau laporan melalui laman https://t.co/5sd5mbi1bN  Anda juga dapat melaporkan melalui Aplikasi JAKI yang dapat diunduh melalui Play Store: https://t.co/HvcART9n7w  dan App Store: https://t.co/g130Zk8B2l","0","0","in"
"1920512506839093405","Thu May 08 16:13:57 +0000 2025","Tj1Ranger","@bts_Asyakookie @vinnerchild_7 Ada sari paitnya ko dikit,,idup sekali harus cobain tijus ama si sri biar bisa buat cerita kecucu kalau di dunia ini ada minuman lejen","0","0","in"
"1920512355123016093","Thu May 08 16:13:21 +0000 2025","bdbdwinxs","ternyata aku tidak sendiri😭","0","0","in"
"1920512159252926673","Thu May 08 16:12:34 +0000 2025","Tj1Ranger","@bts_Asyakookie @vinnerchild_7 Anak anak gw pinter pinter bgt sekarang,,","0","0","in"
"1920512119121879045","Thu May 08 16:12:25 +0000 2025","trianaa222","aku hr ini banyak sebel nya, abis dr tj riau aku sebel sm papa aku ksel cok kenapa si ah klo diinget bkin gamood, baru balek dh di blg abcd kesel orang","0","0","in"
"1920511911923511337","Thu May 08 16:11:35 +0000 2025","Tj1Ranger","@vinnerchild_7 @bts_Asyakookie Jaksa bukannya?","0","0","in"
"1920511797368410245","Thu May 08 16:11:08 +0000 2025","Tj1Ranger","@vinnerchild_7 @bts_Asyakookie 🫢🫢kok pinter bgt lu,epek kopi nih pasti makannya pinter bikin perumpamaan","0","0","in"
"1920511556342644781","Thu May 08 16:10:11 +0000 2025","Tj1Ranger","@vinnerchild_7 @bts_Asyakookie Ya abis itu minum komik jahe satu pak..","0","0","in"
"1920511265471877550","Thu May 08 16:09:01 +0000 2025","ibeghourly","aku malah maunya tiap hari dijemput tanpa harus berdesakan di tj.","0","1","in"
"1920511136304124136","Thu May 08 16:08:30 +0000 2025","Tj1Ranger","@bts_Asyakookie @vinnerchild_7 Enak,kalau uda coba lu bkin testi ya,tag gue","0","0","in"
"1920510971698897355","Thu May 08 16:07:51 +0000 2025","Tj1Ranger","@bts_Asyakookie @vinnerchild_7 Alhamdulillah baru selesai menjalankan sunah rasul..","0","0","in"
"1920510781222711575","Thu May 08 16:07:06 +0000 2025","Tj1Ranger","@bts_Asyakookie @vinnerchild_7 Jangan lupa beli tijus,cobain kemanisan duniawinya","0","0","in"
"1920510469594312757","Thu May 08 16:05:51 +0000 2025","Tj1Ranger","@vinnerchild_7 @bts_Asyakookie Iya itu kakanya teajus,lahirnya si sri dulu","0","0","in"
"1920510364695007333","Thu May 08 16:05:26 +0000 2025","Tj1Ranger","@bts_Asyakookie @vinnerchild_7 Es teh saset buset,,minuman penomenal itu,,cobain dah","0","0","in"
"1920509991121006953","Thu May 08 16:03:57 +0000 2025","beggybeans","ke taman safari bisa naik tj gasih? sekalian sm mas mas tj nya jg","0","0","in"
"1920509916197842979","Thu May 08 16:03:40 +0000 2025","Tj1Ranger","@bts_Asyakookie @vinnerchild_7 Jjangan pasrah dong ga enak,,enakan ada perlawan dikit biar makin nafsu 😬","0","0","in"
"1920509857913856266","Thu May 08 16:03:26 +0000 2025","kentostoilet","Wetsand s3 comeback dan tj jo stans terpantau sdh mulai saling menyerang we are so BACK","0","0","in"
"1920509687763493186","Thu May 08 16:02:45 +0000 2025","Tj1Ranger","@bts_Asyakookie Ooo tenang,,kalau capek gw minta lu aja","0","0","in"
"1920509598533865521","Thu May 08 16:02:24 +0000 2025","rangerhitaam_","di jkt apalagi buat yg kerja daerah sudirman, kuningan, gatsu dan sekitarnya sih big no buat beli mobil kalo masih ada halte tj atau mrt/lrt.","0","0","in"
"1920509515310526552","Thu May 08 16:02:04 +0000 2025","oposisixx","@rachardiana_ayu @Jominangg Beda goblok..kewenangan gubernur jkt dan selain jkt..gub jkt itu kaya raja,walikota dia tunjuk sendiri,pst nurut..apalagi luas jabar 53 kali luas jkt..bupati walikota di jabar di pilih rakyat pnya kewenangan sendiri..lagian busway kan warisan sutiyoso","0","0","in"
"1920509428773609790","Thu May 08 16:01:43 +0000 2025","Tj1Ranger","@vinnerchild_7 @bts_Asyakookie Kopi mulu heran,,sekali kali teajus saset","0","0","in"
"1920509279502508070","Thu May 08 16:01:08 +0000 2025","Tj1Ranger","@vinnerchild_7 @bts_Asyakookie Lu di kejar dosen kah??","0","0","in"
"1920509207314346262","Thu May 08 16:00:51 +0000 2025","Tj1Ranger","@bts_Asyakookie @vinnerchild_7 Emang gitu konsepnya,pengennya di kejar sama di perjuangin dosen mah,,biar romantis 😬","0","0","in"
"1920509185541734412","Thu May 08 16:00:45 +0000 2025","Timothy13348305","@XAVIAERD Dang’m!","0","0","in"
"1920508781211025462","Thu May 08 15:59:09 +0000 2025","moonfstruck","aku sering bgt nyasar :3 mana naik busway, kadang kalo ketemu unlucky pereon suka dikatain..","0","0","in"
"1920508714068701655","Thu May 08 15:58:53 +0000 2025","Tj1Ranger","@bts_Asyakookie Semangat ya biar cepet di lamar aa wowo jgn lupa undang gue dan transportin gue juga","0","0","in"
"1920508571923722582","Thu May 08 15:58:19 +0000 2025","AlphaNano","@edeafee @PT_Transjakarta wihh","0","0","in"
"1920508319862542715","Thu May 08 15:57:19 +0000 2025","bubbuubby","@PT_Transjakarta Mayasari Bakti engga ad contact center yg bs dihubungi yaa?","0","0","in"
"1920508270474563616","Thu May 08 15:57:07 +0000 2025","Tj1Ranger","@vinnerchild_7 @bts_Asyakookie Kok sama penginannya,biasanya lu maunya eskopi","0","0","in"
"1920508150458835010","Thu May 08 15:56:39 +0000 2025","BatFlipPodcast","POTD May 7th  Sonny Gray: 7IP, 2H, 0ER, 1BB, 8K vs PIT  Michael Wacha: 7IP, 3H, 0ER, 1BB, 5K vs CHW  Wilyer Abreu: 3/4, 1 2B, 2HR, 3RBI vs TEX  Juan Soto: 2/4, 2HR, 3RBI vs ARI  HM TJ Friedl: 2/3, 2HR, 2RBI, 1BB vs ATL Ryan McMahon: 4/4, 1HR, 2RBI, 1BB vs DET  Did we miss anyone?","1","0","in"
"1920507849064788082","Thu May 08 15:55:27 +0000 2025","Tj1Ranger","@vinnerchild_7 @bts_Asyakookie Kejar terooss smpe dapet itu dosen","0","0","in"
"1920507748136923173","Thu May 08 15:55:03 +0000 2025","_farrr__","@kegblgnunfaedh KDM gw suka kebijakannya reaktivasi kereta api, keren tuh, cuma sorry dikira jaklingko Mikrotrans, transjakarta, lrt jakarta, rsud, pasar jaya, sekolah, dll itu pemeliharaannya ga pake duit apa yak wkwk","0","18","in"
"1920507707116679517","Thu May 08 15:54:53 +0000 2025","cew3004","WKWK EMNG KUDU DIPANCING MESEN GOJEK NJIRR, GUE MESEN GOJEK MALAH DTNG TJ NYA😭😭","0","0","in"
"1920507405710078417","Thu May 08 15:53:41 +0000 2025","Tj1Ranger","@bts_Asyakookie Lagi galau ini","0","0","in"
"1920507140126507210","Thu May 08 15:52:38 +0000 2025","SelebtwitMobil","(English ver. below) Tergantung jumlah tanggungan  Kalo gak ada tanggungan aplg ga bayar tempat tinggal (nebeng ortu) gaji 7 juta cukup BANGET buat 3 mobil ini (bekas th muda)  Iya emang bukan mobil proper, tp drpd ga bermobil kan, turun dr busway HP dicopet ya boncos jg https://t.co/uV2VN0viEI","0","4","in"
"1920507073923629301","Thu May 08 15:52:22 +0000 2025","Tj1Ranger","@vinnerchild_7 @bts_Asyakookie Yok di komen ntar dapet kipas anhin krn lagi gerah gerahnya bumi ini","0","0","in"
"1920507010229100681","Thu May 08 15:52:07 +0000 2025","cew3004","tj knp ga sesuai sm jadwal, dijadwal bnyk pdhl","0","0","in"
"1920506898916520051","Thu May 08 15:51:40 +0000 2025","Tj1Ranger","@bts_Asyakookie Kanhen dikit,banyaknya buay taekook ,Lu lagi jadi anak baik ya sil..takut bgt bentar lagi lu nikah nyusul lunamaya","0","0","in"
"1920506780200653275","Thu May 08 15:51:12 +0000 2025","nuwishin","@caarussz @PT_Transjakarta gmalu, sakit hati yg ad pongo","0","0","in"
"1920506591805378676","Thu May 08 15:50:27 +0000 2025","w0am4i","@PT_Transjakarta min rute palem semi ke sarinah dong","0","0","in"
"1920506371922944113","Thu May 08 15:49:35 +0000 2025","petuniariess","@atensnut @bennyjohnson Bwahaha 🤣","0","0","tl"
"1920506331657597385","Thu May 08 15:49:25 +0000 2025","TJmwas","@magwaz3 Ah. Kuwa serious mahn.","0","1","in"
"1920505762993807693","Thu May 08 15:47:09 +0000 2025","UucingOyen","Min rute bnn ke halte puri indah mall apa ya? @PT_Transjakarta","0","0","in"
"1920505748322181271","Thu May 08 15:47:06 +0000 2025","TraderJudge","HAHHAHAHAHAHAHAHAHGAHAHAA  #Bitcoin https://t.co/0493a9mz2Y","5","49","tl"
"1920505469757538585","Thu May 08 15:45:59 +0000 2025","Capitalisborju","@danduagelaskopi @kucingcicing @tanyakanrl Lansia kalo miskin tetap pemerintah tanggung kok, apalgi di Jkt, naik busway aja gratis apalgi berobat, pindah faskes bisa dgn hitungan detik kok lewat aplikasi. Intinya BPJS udah paling ok buat rakyat beduit maupun ga beduit. Amanat UUD45 ada disitu.","0","0","in"
"1920505081822392666","Thu May 08 15:44:27 +0000 2025","cupexpert","Gara-gara pidato KDM soal DBH yg missleading, muncul komentar agar APBD Jakarta harus dibagi lagi ke daerah sekitarnya. Pendapatan DKJ yg besar karena potensi daerah yg besar. Bebannya juga besar. Jabar harusnya berterima kasih DKJ sudah fasilitasi TJ murah hingga batas Jabar.","0","0","in"
"1920504883758719008","Thu May 08 15:43:40 +0000 2025","Torriosh","Cuma empat hari ke Jogja tapi bawa koper medium 😌  Tumben. Biasanya mentok juga keril.","0","16","in"
"1920504754607722752","Thu May 08 15:43:09 +0000 2025","ggnagnclg","lagunya TJ Monterde x 10cm enak bgt ya ampun😭😭 Harmonisasi suara mereka sopan bgt masuk telinga, sukaa😭😭","0","0","in"
"1920504737444561312","Thu May 08 15:43:05 +0000 2025","Tj1Ranger","1 menit pertama kangen jungkook terus menit kedua kangen taehyung terus kangen jungkook terus kangen taehyung lagi,,begitu aja terus gpp bgt gw ikhlas lahir batin https://t.co/8JXYYKKS3E","0","0","in"
"1920504636089274480","Thu May 08 15:42:41 +0000 2025","RafifFadhlurra4","@Ilovemeehehe @PT_Transjakarta Silahkan naik KRL jurusan Jakarta Kota turun di Kampung Bandan lalu naik jurusan Cikarang via Manggarai turun di BNI City lalu naik MRT jurusan Lebak Bulus turun di Fatmawati Indomaret","0","0","in"
"1920504626236789110","Thu May 08 15:42:38 +0000 2025","disasteroast","@PT_Transjakarta Makasih sayang","0","0","in"
"1920504452785557875","Thu May 08 15:41:57 +0000 2025","FAIRYB0KJU","@ranthakahasi semangat tj😭😭😭 mana dia season depan masi sama liga dzolim ini ya😔","0","0","in"
"1920504069736874293","Thu May 08 15:40:26 +0000 2025","Zein_kun_","Mending harmoni dipecepat dah biar balik jadi central busway","0","0","in"
"1920503677111967864","Thu May 08 15:38:52 +0000 2025","Ilovemeehehe","@PT_Transjakarta Halo min, dari halte tanjung priuk ke RS Fatmawati naik apa aja ya?","0","0","in"
"1920503624104366203","Thu May 08 15:38:39 +0000 2025","rubyeonka","@senseofel @cvruella Dkt jt pdg, btw dkt stasiun tj barat ada ayam enak tmn2 @ifyouthinkim @cafxracer","0","0","in"
"1920503564000244061","Thu May 08 15:38:25 +0000 2025","way_ar_elfcarat","@tj_my_h Hahaha iyaaa, sama lagii... Ngeri sih sikit sikit... Tapi intinya, liat mereka aja dah seneng 🤣🤣🤣  EFM LIVE X JOSSGAWIN #JossGawinxFANDOMLIVE","0","1","in"
"1920502897940574548","Thu May 08 15:35:46 +0000 2025","angerellaaa","gua cinta bgt ya allah ma tj","0","0","in"
"1920502752012349789","Thu May 08 15:35:11 +0000 2025","mayrenmarker","3. Ngalamin ke jadiin menjijikkan yg ga pernah terbayang selama ini dan terjadi di usia 25 tahun, najiz. 4. Rasanya mau buang yg terkena, cuma inget harga barang ga semurah itu. 5. Berusaha menghindari orang2 selama perjalanan, tj, &amp; krl. 6. Diliatin orang2 sambil ga nyaman","0","0","in"
"1920502687163945221","Thu May 08 15:34:56 +0000 2025","FAIRYB0KJU","@ranthakahasi OHIYAaA tj malah main full ya selama lucareli sm kento cidera???","0","0","in"
"1920502443592593819","Thu May 08 15:33:58 +0000 2025","ranthakahasi","@FAIRYB0KJU Tj pun deserve to get it soalnya dia yg pontang panting selama stings struggle huhuhu","0","0","in"
"1920502436076327341","Thu May 08 15:33:56 +0000 2025","lieverfool","4 hari di jkt juga gue ngebatinnya ""iri banget sama transumnya jakarta"" LRT, MRT, KRL, TJ. 2040 pun gue skeptis kalimantan ada beginian.","0","0","in"
"1920502342954463286","Thu May 08 15:33:34 +0000 2025","bnnbunn","@tanyarlfes gpp bgtt ak senank kl naik tj suka brg bapake, hemat jugak🫶🏻","0","0","in"
"1920502306040406172","Thu May 08 15:33:25 +0000 2025","ykdwjm","@___roseday otw naik tj!!!","0","0","in"
"1920502293658517928","Thu May 08 15:33:22 +0000 2025","TuvaJr","Hiyo ni mvua inakuja ama machozi ya Arsenal fans?🤔","6","8","in"
"1920502287216136265","Thu May 08 15:33:21 +0000 2025","anakminwon06","@tanyarlfes Lahh gappaa anjir aku malah pengen tapi yg anter jemput malah abang tj","0","0","in"
"1920501655126106292","Thu May 08 15:30:50 +0000 2025","tj_my_h","JG &amp; JGs bye bye bobo dulu  Mimpi indah semua💕💞🥰😘😘😘 EFM LIVE X JOSSGAWIN #JossGawinxFANDOMLIVE","0","3","in"
"1920501590986756384","Thu May 08 15:30:35 +0000 2025","SammygibbsGibbs","@jomickane TJ, Tiberius,Scooby, Luna,Phoebe, Benji 💙💙💙💙💙💗💗🥰🥰🥰🥰🥰🥰 https://t.co/xsPtBkOX6l","0","21","in"
"1920501427857666297","Thu May 08 15:29:56 +0000 2025","homeisoobin","ada di tj (tj nya korsel) https://t.co/LqPgEiGl7i","0","0","in"
"1920501414411055475","Thu May 08 15:29:53 +0000 2025","tj_my_h","Ngantuk bobo dulu besok berangkat jam 5, Semangat buat besok,   EFM LIVE X JOSSGAWIN #JossGawinxFANDOMLIVE","0","0","in"
"1920501347352518915","Thu May 08 15:29:37 +0000 2025","italliic","@nidinghetian 😁😁😁😁awlny kukira madu tj","0","0","in"
"1920501189780591063","Thu May 08 15:28:59 +0000 2025","xxtaekooksweet_","@Bougenvilleas Udahlah intinya ANYING LU NELSON, kesana kesini gak jelas, kebiri aja nih orang gak jelas","0","5","in"
"1920501165244186904","Thu May 08 15:28:53 +0000 2025","Alyhassan959","@fokorsce Oh tj tumhe sharaap lage sarr mein dard lga dii","0","0","in"
"1920501072042283320","Thu May 08 15:28:31 +0000 2025","baemeery","Jalan ke blok m abis itu di dalem tj bengong aja https://t.co/2t4lJ0F3RN","0","0","in"
"1920500804332515758","Thu May 08 15:27:27 +0000 2025","nidinghetian","Chelsea: tj? Tea jus?  ya boleh lah","0","0","in"
"1920500707230413308","Thu May 08 15:27:04 +0000 2025","yrazkahaniif","@MiyanagiDeswira pocin apa tj barat tuh wkwk","0","0","in"
"1920500223178080579","Thu May 08 15:25:09 +0000 2025","tetrispuzzle","This is so funny to me ... gaya duduk abang-abang honda adv 160 putih hobi nangkring sana sini dan pacar cantiknya yang gak boleh naik motor atau busway sama sekali sama mamanya (he has curfew too!) Anak baik-baik. 🙂‍↕️ https://t.co/HBEeqAissx","14","106","in"
"1920499447328297435","Thu May 08 15:22:04 +0000 2025","UmaTj77","@shutdxwm Tauba hahahahahahahah","0","1","tl"
"1920499218499649669","Thu May 08 15:21:09 +0000 2025","ohhinsomnia","TJ, MRT, LRT gak bakal ngadain promo lagi segitu mah.. dan naik tarif 😔","0","0","in"
"1920499113281335576","Thu May 08 15:20:44 +0000 2025","reeznisme","@transloop_id Ini tj brt kah min?","0","0","in"
"1920499108881592809","Thu May 08 15:20:43 +0000 2025","tj_my_h","Aku suka editan editan JG yg dibuat JGs 💞💕💕🥰🥰  EFM LIVE X JOSSGAWIN #JossGawinxFANDOMLIVE","1","1","in"
"1920498836574798139","Thu May 08 15:19:38 +0000 2025","tj_my_h","Ini berapa sering joss kerumah gawin, ampe joss sendiri mikir gini🤔🤔 apa jangan jangan satu minggu 7 kali dia kerumah gawin 🤔  EFM LIVE X JOSSGAWIN #JossGawinxFANDOMLIVE","0","0","in"
"1920498637534040311","Thu May 08 15:18:50 +0000 2025","Blackja2061806","@TJ_kreem @baekzzz @magmalaya Sama sama dikomporin Inggris, yang di Palestina gara gara Inggris malah ngasih tanahnya ke orang Zionis padahal janjinya mau dikasih ke kerajaan Arab karena mau bantuin inggris lawan Turki, yang satunya adu domba umat Hindu Ama muslim sebelum ngasih kemerdekaan ke orang India","0","13","in"
"1920498441207091544","Thu May 08 15:18:04 +0000 2025","anythingupst","tadi di tj gua nangis dikit.... smg g ad yg liat.....","0","0","in"
"1920498380364538013","Thu May 08 15:17:49 +0000 2025","RafifFadhlurra4","@JustMin9yu @PT_Transjakarta Silahkan naik 13B jurusan Pancoran turun di Pancoran lalu naik 5N jurusan Kampung Melayu turun di Kampung Melayu lalu naik Koridor 5 jurusan Ancol","0","0","in"
"1920498309904351544","Thu May 08 15:17:32 +0000 2025","cugaringsandy","aku dulu suka dijemput malah seneng bgt gaperlu naik busway tinggal tdr di mobil😭🤣","0","0","in"
"1920497839852892377","Thu May 08 15:15:40 +0000 2025","pecintakeefsi","Habis ngumpul sama temen2 ku terus bahas mau main ke tj pinang terus nginep 1 malem. Pada bawa suami dan pacar cuma aku yang engga:"") terus mereka suruh aku cari pacar dulu bjirrr hiksss. Masi ada waktu gasi nyari pacar nih wkwkwk","0","0","in"
"1920497565193113869","Thu May 08 15:14:35 +0000 2025","tj_my_h","Teryata mantengin orang pacaran tu capek juga ya  EFM LIVE X JOSSGAWIN #JossGawinxFANDOMLIVE","0","2","in"
"1920497180562891082","Thu May 08 15:13:03 +0000 2025","hime_kunGfuu","@PT_Transjakarta halte rawa selatan gabisa tap out pakai kode barcode ini... gimana bisa keluar","0","0","in"
"1920496898408132970","Thu May 08 15:11:56 +0000 2025","tiarazanky","hampir tiap malam w dijmpt bapak w di halte, w merasa senang sih soalnya irit ongkos😌 kalo mau jmpt di kantor, w lebih seneng lg, jadi gaperlu cape2 nunggu tj gua yg lama banget itu😌","0","1","in"
"1920496830883709400","Thu May 08 15:11:40 +0000 2025","sereinsna","aku juga skrg masih di antar jemput ayah atau ga adek 😣 ga punya motor sendiri aku soalnya huhu.. aku naik tj juga sih kadang tp turun tj tetep dijemput 😔🙏🏻","0","0","in"
"1920496802039464283","Thu May 08 15:11:33 +0000 2025","EastsideTJP","RVD was him!","0","0","in"
"1920496757877961129","Thu May 08 15:11:22 +0000 2025","nanapiscesso","iya lg ajg biar gw list ya yg TERBARU.  1. salah mesen lokasi antar gocar 2. pas berangkat ketinggalan dompet (untung inget di awal) 3. naik tj nyasar 4. pas berangkat ketinggalan oleh2 buat dikasi (udh 1/2 jalan) 5. kelewat stasiun gr2 ketiduran.  :v","0","0","in"
"1920496742165795294","Thu May 08 15:11:19 +0000 2025","RafifFadhlurra4","@kyutineko @PT_Transjakarta Silahkan naik Koridor 1 jurusan Kota turun di Kota lalu naik Koridor 12 jurusan Tanjung Priok turun di Gunung Sahari lalu naik Koridor 5 jurusan Ancol","0","0","in"
"1920496591493853636","Thu May 08 15:10:43 +0000 2025","3106TJ","is this gl? wlw?","0","4","in"
"1920496484815978975","Thu May 08 15:10:17 +0000 2025","niiigyuoah","BAKIT NGAYON KO LANG ITO NAKITA?!?!","0","0","tl"
"1920495440518353251","Thu May 08 15:06:08 +0000 2025","queryhany","gue sblm kenal krl &amp; tj tidak pernah sejudgy dan sebody shaming ini, sorry tp transum mmg mengubah personality gue","0","2","in"
"1920495348784517366","Thu May 08 15:05:46 +0000 2025","prinsesnaje","@anisaazhr16 tanya petugas nya aja ka nnti di halte, aku sering naik tj tapi ga apal nomer nomer nya😭😭","0","0","in"
"1920495177099358539","Thu May 08 15:05:05 +0000 2025","Tj1Ranger","@taekooknakha Colek dikit kaget bgt jungkook😬","0","0","in"
"1920495113752424684","Thu May 08 15:04:50 +0000 2025","tj_my_h","Cuma bisa teriak lihat ini  EFM LIVE X JOSSGAWIN #JossGawinxFANDOMLIVE","0","0","in"
"1920495031393120643","Thu May 08 15:04:31 +0000 2025","PriciliaAB","Apakah aku akan jadi calon penumpang transjakarta S61?? 🙃🙃","0","0","in"
"1920494114925392325","Thu May 08 15:00:52 +0000 2025","poin_opini","‼️BREAKING: Transjakarta, MRT, & LRT GRATIS utk 15 Golongan!   ➡️ Mulai minggu ketiga Mei 2025  ➡️ Ini bagian dari program 100 hari kerja Gubernur Pramono Anung dan Wagub Rano Karno.  ➡️ Warga dari 15 golongan bisa naik Transjakarta, MRT, dan LRT gratis pakai Kartu Layanan Gratis (KLG) atau JakCard Combo.  ➡️ Daftar lewat aplikasi resmi masing-masing layanan (Transjakarta, MRT, LRT Jakarta).","4","23","in"
"1920494001150476608","Thu May 08 15:00:25 +0000 2025","runtoyouJ","@dreamy_lofoten kak maap udh gabisa lari, muak bgt aku lari tiap hari ngejar kereta &amp; busway😭 bisa gk panjulnya aja yg lari? betis kenceng bgt ini😭😭","0","0","in"
"1920493978559857101","Thu May 08 15:00:20 +0000 2025","clovucorn","aduh poca ku yang ini jatuh 😭😭😭 siapapun yang nemuin pls dm aku ya 😭😭🙏🏻 antara jatuhnya di busway Pulogadung - Galunggung, halte transit Pemuda Pramuka, atau di busway PGC - Tanjung Priok. Soalnya aku udah tanya sama petugas mereka bilang ga ketemu 🙁 https://t.co/1Z2uoD43RH","0","1","in"
"1920493719276720324","Thu May 08 14:59:18 +0000 2025","orenjiaji","@PT_Transjakarta min 10h hari sabtu mulai jam brp ya?","0","0","in"
"1920493290102931651","Thu May 08 14:57:36 +0000 2025","MrsHwan92","@UGonnaBeHappy_ @namualin @211Tije Kalau naik kereta api aku kurang tau ka moon. Tp kalau naik kereta, bs ambil ke arah stasiun cawang, abs itu naik tj 9/9c ke arah pinang ranti. Trus turun di halte makasar/tamini square.  Abs itu bs naik jaklingko 108. Sorry td salah sebut. Bukan 36","0","0","in"
"1920492948308799809","Thu May 08 14:56:14 +0000 2025","KAMSTUNNAK","TJ WATT IS NEXT 😹","0","0","en"
"1920492887235596769","Thu May 08 14:56:00 +0000 2025","tj_littlejohn","@therealchaseeb *hey siri, play solana""","0","1","in"
"1920492305628459128","Thu May 08 14:53:41 +0000 2025","MrsHwan92","@UGonnaBeHappy_ @namualin @211Tije Sorry jump in, naik Lrt yg arah harjamukti turun di tamini, abs itu bs naik jaklingko 36/angkot merah 02 atau mau transjakarta 7d. Itu tj berhenti dekat pintu masuk keong mas.  Sekian","0","1","in"
"1920492288578400530","Thu May 08 14:53:37 +0000 2025","si_nolep","@PT_Transjakarta Okay min berarti hanya satu kali transit ya","0","0","in"
"1920492185985712422","Thu May 08 14:53:12 +0000 2025","whendarkness_","@FelixSGL1 @elisa_jkt Tapi, imbasnya bisa berdampak langsung ke bagi hasil ke DKI Jakarta. Say goodbye ke MRT, TJ dan transum lainnya. PNS gajinya cilik. Duh pucing deh","0","0","in"
"1920492079001841917","Thu May 08 14:52:47 +0000 2025","imaginawry","dingin bgt ini tj tangan gua sampe kaku","0","0","in"
"1920492018272518366","Thu May 08 14:52:32 +0000 2025","Tokyodust_","@anisaazhr16 maaf jarang naik tj 🙇","0","0","in"
"1920491777372422602","Thu May 08 14:51:35 +0000 2025","caarussz","@nuwishin @PT_Transjakarta Malu banget nyeker. Katanya pulang jam 4","0","0","in"
"1920490858295488545","Thu May 08 14:47:56 +0000 2025","anisaazhr16","guys, ada yg tau ga ke mall central park naik tj dari kalideres itu tj no berapaa yakk?😭","0","3","in"
"1920490852385956241","Thu May 08 14:47:54 +0000 2025","tajindermenon","@SajjadH35981701 @Dhirendra_KFan @TurkishCentury Par Supporter ji , kya Imram ki Lahoriyan ne li?.","0","0","in"
"1920490677282222479","Thu May 08 14:47:13 +0000 2025","bestofrent","@PT_Transjakarta min 4k jam segini masih lewat penas kalimalang 2 gak ya? yg tujuan akhir kejagung","0","0","in"
"1920490096995787168","Thu May 08 14:44:54 +0000 2025","dii_md","@tanyarlfes Iri banget nder. Bapak gw masi bisa aja jemput2 (tp paling di stasiun atau halte tj yg deket rumah) cuma ksian aja klo malem pandangannya udh ga seawas dulu jd mending minta jemput adek aja wkwk","0","0","in"
"1920489502688022670","Thu May 08 14:42:33 +0000 2025","namasayayul","@alpunpunjtk Pantas saja mengepulnya putih pekat","0","0","in"
"1920489443724578826","Thu May 08 14:42:19 +0000 2025","dokterbillkin","@pornstann kebalik ini malah tj gue td pagi ditabrak (((REALLL)))","0","0","in"
"1920489201595818222","Thu May 08 14:41:21 +0000 2025","kyutineko","@PT_Transjakarta dari bundaran HI ke ancol gimana rutenya min?","0","0","in"
"1920488773990662614","Thu May 08 14:39:39 +0000 2025","creatievs","min kalo ke central park naik tj dari kalideres koridor berapa yaa min? @PT_Transjakarta","0","0","in"
"1920488771239174462","Thu May 08 14:39:38 +0000 2025","arkanNJyHjTj","@intobtstudio FB ya","0","0","tr"
"1920488598144758169","Thu May 08 14:38:57 +0000 2025","krejifangurl","btw tadi ada gantungan kunci totoro di lantai busway lucu banget????? Kasian orang yg kehilangan tp gatau punya siapa 😭😭😭","0","0","in"
"1920488568071369121","Thu May 08 14:38:50 +0000 2025","tj_my_h","Gw gak ngarti mereka ngomong apa tapi gw tetep ikutan ketawa  EFM LIVE X JOSSGAWIN #JossGawinxFANDOMLIVE","0","0","in"
"1920488512408678561","Thu May 08 14:38:36 +0000 2025","arkanNJyHjTj","@kimdlndaa ☝️angkut 😌","0","1","in"
"1920488454124695801","Thu May 08 14:38:23 +0000 2025","nisenaii","@sarmahen dia lulus dr man4 langsung jd dirut tj kayanya.......","0","0","in"
"1920488327792226328","Thu May 08 14:37:52 +0000 2025","Papashango0o","@rudhans1 @iArpitSpeaks Tu sikhayega ab national interest kya hota hai","0","1","in"
"1920488299652583884","Thu May 08 14:37:46 +0000 2025","arkanNJyHjTj","@zuvjk97 Mutualan yuk 😌","0","0","in"
"1920488127384465551","Thu May 08 14:37:05 +0000 2025","namasayayul","Romo saya mau tanya: cerobong asap Kapel Sistina kira-kira pake liquid creamy atau fruity ya, Romo? Terima kasih 🙏🏻","0","5","in"
"1920488065346208024","Thu May 08 14:36:50 +0000 2025","forgottenimage_","Tik Tok https://t.co/IDzMizwlGm","1","3","in"
"1920487854549213398","Thu May 08 14:36:00 +0000 2025","arkanNJyHjTj","@blueintaetae Angkut kak✋😌","0","0","in"
"1920487786202776005","Thu May 08 14:35:43 +0000 2025","svtwonwoongie","AWA NALANG WONU 🫠🫠","0","0","in"
"1920486367819088044","Thu May 08 14:30:05 +0000 2025","Allika_Jun","@cjhwi04 jgn lupa + madu tj","0","0","in"
"1920486194544017578","Thu May 08 14:29:24 +0000 2025","fromeleveu","Badan tuh ga pernah bohong ya kalo lagi stres?  Hari ini aku pulang kelas niatnya yaudah ke kosan aja langsung. Turns out turun dari TJ badanku berontak.  Alhasil dr St. Cawang naik sampe Jakot dulu buat bengong, trs pindah ke kereta Bogor yang jalan duluan buat balik lagi 🥲 https://t.co/V0Ynev5Ynd","0","0","in"
"1920485512533385302","Thu May 08 14:26:41 +0000 2025","arkanNJyHjTj","@myAmygdala93 Walid nak Keyko boleh ,,","0","0","in"
"1920485302348530156","Thu May 08 14:25:51 +0000 2025","Kel_apa","Pak Dubes Rabu kemarin naek TJ ke kantor!🤩","0","0","in"
"1920485166465614152","Thu May 08 14:25:19 +0000 2025","marwahxzz_","@junhqwan Iyaa jakbar kemaren aku juga dari Jaktim naik transjakarta untung nya nyampe","0","0","in"
"1920484919966306584","Thu May 08 14:24:20 +0000 2025","kanjengratulija","gara gara @nouvelletales gue jadi tim tj &gt; krl","0","0","in"
"1920484859577032784","Thu May 08 14:24:06 +0000 2025","ssyncho","Min tolong rute dari tanjung duren ke stasiun tanah abang @PT_Transjakarta","0","0","in"
"1920484786663272722","Thu May 08 14:23:48 +0000 2025","JustMin9yu","@PT_Transjakarta halo min, kalo dari halte puri beta mau ke ancol naik busway yg rute apa ya? Terima kasih","0","0","in"
"1920484778869997600","Thu May 08 14:23:46 +0000 2025","tj_my_h","Kalo ngundang jossgawin tu cukup satu kursi aja. Soalnya percuma dikasi sofa panjang juga duduknya pasti bakal mepet mepetan macem di dalem angkot (angkutan umum)   EFM LIVE X JOSSGAWIN #JossGawinxFANDOMLIVE","2","3","in"
"1920484577836994923","Thu May 08 14:22:58 +0000 2025","chinhahahaha","dijalan pulang tadi, udah ngeliat @PT_Transjakarta ngelanggar lampu merah.  emang boleh ya kalo angkutan umum ngelanggar lampu merah?  *ini beneran nanya y bukan salty 🙏🏻","0","0","in"
"1920484414435287151","Thu May 08 14:22:19 +0000 2025","kxgyyy","@RafifFadhlurra4 @PT_Transjakarta @dishubjakarta Kak kan yg saya laporkan itu kondisi di haltenya semua susah jalan…gabisa gerak samsek","0","0","in"
"1920484233954419150","Thu May 08 14:21:36 +0000 2025","arkanNJyHjTj","@cigarettafx @gurlzjk FB ya kak","0","0","tr"
"1920484083047473197","Thu May 08 14:21:00 +0000 2025","tj_my_h","Aku ngantuk tapi aku laper tapi aku males   EFM LIVE X JOSSGAWIN #JossGawinxFANDOMLIVE","0","0","in"
"1920483909638500740","Thu May 08 14:20:19 +0000 2025","leeknowgimpo","@PT_Transjakarta min kenapa sih toilet di halte hi dan tosari kalo udah jam 9 ditutup? kasian banget ada penumpang yang mau ke toilet tapi gabisa lagi karena udah gaboleh ke atas","0","0","in"
"1920483650623218030","Thu May 08 14:19:17 +0000 2025","maryaulf","@Nyerep2 @PT_Transjakarta Oalaahh pantes akhir-akhir ini semanggi macetnya ga mainmain","0","0","in"
"1920483401607622736","Thu May 08 14:18:18 +0000 2025","tj_my_h","Ngantuk tpi pengen lihat orang pacaran   EFM LIVE X JOSSGAWIN #JossGawinxFANDOMLIVE","0","0","in"
"1920483361526620517","Thu May 08 14:18:08 +0000 2025","arkanNJyHjTj","@94W0RLDS FB kak","0","1","tr"
"1920483217892663324","Thu May 08 14:17:34 +0000 2025","TshiamoTJ_14","@_waaamiii Tlisa phone le charger","0","0","in"
"1920483121616613573","Thu May 08 14:17:11 +0000 2025","arkanNJyHjTj","@gurlzjk Mau juga diangkut 😌","0","0","in"
"1920483032613425421","Thu May 08 14:16:50 +0000 2025","Teriiiiyaki","@ChellDion @skidmoons @tj_canino Hahahaha yawa","0","0","tl"
"1920482926099087727","Thu May 08 14:16:25 +0000 2025","tj_my_h","Emak pengen nikah sama gawin😭😭  EFM LIVE X JOSSGAWIN #JossGawinxFANDOMLIVE","2","1","in"
"1920482720452419879","Thu May 08 14:15:36 +0000 2025","BuswayFansC","@pwrslv_ Iya Amari Kor 7 diisi DMR Setrum sama BMP Mercy 😁","0","2","in"
"1920482695798267952","Thu May 08 14:15:30 +0000 2025","arkanNJyHjTj","@afifahashila1 ✋ angkut","0","0","in"
"1920482554332729529","Thu May 08 14:14:56 +0000 2025","cloudieskyhigh","perdana naik tj tp kursinya kursi VVVVVIP alias depan bgt bahkan bapak supir nya rada lebih belakang drpd aku🧍🏻‍♂️ https://t.co/E93Gy2IOjI","0","0","in"
"1920482493498548362","Thu May 08 14:14:41 +0000 2025","discrete1611","@ate_TJ Hindi na walo kundi 13 hanggang sa dulo wahhaa","0","0","tl"
"1920482445746442652","Thu May 08 14:14:30 +0000 2025","tj_my_h","Mau ngetik apaan udah buntu 🤦‍♀️  EFM LIVE X JOSSGAWIN #JossGawinxFANDOMLIVE","0","0","in"
"1920482294445314469","Thu May 08 14:13:54 +0000 2025","taereans","Gantungan kunci taetaeku hilang, terus aku cari sampe pengaduan tj Alhamdulillah ketemu. Kedua kali enamel pin ilang dah gasanggup nyari ( KARENA MALU SEJUJURNYA MAH T_T) dan enamelnya masi produksi jadi kek ah yaudalaya. Tp gak kapok buat nyantolin T___T","0","0","in"
"1920482153223369180","Thu May 08 14:13:20 +0000 2025","keshbi19","*pasok TJ*  🎶sa huli.... 🎶palagi... 🎶babalik pa rin sa yakap mo","0","7","tl"
"1920482076027166793","Thu May 08 14:13:02 +0000 2025","arkanNJyHjTj","@faramondfayy FB kak","0","1","tr"
"1920482027553308730","Thu May 08 14:12:50 +0000 2025","TAB_TAB_HH","@_memorylane1 Dono side ki awam pagal ha","0","1","in"
"1920481874318708905","Thu May 08 14:12:14 +0000 2025","arkanNJyHjTj","@ily3000jm FB ya","0","0","tr"
"1920481839120068708","Thu May 08 14:12:05 +0000 2025","briannaan_","besok balik lagi naik transum 😁 halo tj, halo kereta pls welcome me 🥰","0","0","in"
"1920481727824474449","Thu May 08 14:11:39 +0000 2025","tj_my_h","Gemes banget gawin mode jail qpa modus 🤣🤣🥰💕💞   EFM LIVE X JOSSGAWIN #JossGawinxFANDOMLIVE","1","2","in"
"1920481373942362260","Thu May 08 14:10:15 +0000 2025","tj_my_h","Tangannya selalu dibelakang gawin   EFM LIVE X JOSSGAWIN #JossGawinxFANDOMLIVE","0","0","in"
"1920481296372900198","Thu May 08 14:09:56 +0000 2025","UmaTj77","@caffeinexher Beautiful Masah’Allah :)","0","0","in"
"1920481240328585400","Thu May 08 14:09:43 +0000 2025","arkanNJyHjTj","@gurlzjk Angkut aku juga ya ✋😁","0","0","in"
"1920481002520010992","Thu May 08 14:08:46 +0000 2025","5h1n1ng5t44r","@smellafterrainx @PT_Transjakarta Bantu jawab. Tidak bisa kalau yang sama-sama BRT. Paling gampang turun dulu di Ampera 1 nanti ambil 7A dari situ. Sama-sama ke Rambutan juga.","0","0","in"
"1920480891689635847","Thu May 08 14:08:20 +0000 2025","paxwaurd","@epiphonebatman @tanyarlfes Astaga ketikannya di jaga mas. Ibu lo perempuan loh, bukan transjakarta","0","1","in"
"1920480791982641205","Thu May 08 14:07:56 +0000 2025","dion_kk","@rami_hashimi 1Po5KKbcePS9aoXQyS5KLkakd4a42jnGR9","0","1","in"
"1920480664857493895","Thu May 08 14:07:25 +0000 2025","RizNrz","Ga cocok naik tj, otak aku goyang goyang","0","0","in"
"1920480385386860879","Thu May 08 14:06:19 +0000 2025","nuggetsjenlisa","@johnianmuller @PaoPangs @winson_1610 Kamuka ni TJ Monterde 😭","0","0","in"
"1920479975049683108","Thu May 08 14:04:41 +0000 2025","dion_kk","@Bitcoinprof0637 1Po5KKbcePS9aoXQyS5KLkakd4a42jnGR9","0","0","in"
"1920479493468094794","Thu May 08 14:02:46 +0000 2025","iammmnnnhhh","APBD Jakarta jadi MRTJ, LRTJ, Transjakarta, ngegaji PNS yang kerjanya (relatif) bener, Jaki, dll. Kalo dipindah ke Jabar bakal menguap jadi apaan tuh","7","27","in"
"1920479366049325551","Thu May 08 14:02:16 +0000 2025","artupakra","Ketiduran di TJ, bangun-bangun di Pondok Indah","0","0","in"
"1920479172566089974","Thu May 08 14:01:30 +0000 2025","matamu_717","@pras18ter @elisa_jkt Apa hubungannya? Pajak kendaraannya blm tentu bayar ke dki. Apalagi PBBnya. Apalagi,  kalau pake tj, dapet subsidi pemprov dki. Padahal pph bayar ke pempus, pbb bayar ke pemkot/kab setempat, pemprov dki dpt apa?","2","3","in"
"1920478926150815854","Thu May 08 14:00:31 +0000 2025","niiigyuoah","PABILI!! https://t.co/p5ZQO22LCv","0","0","tl"
"1920478659720167737","Thu May 08 13:59:27 +0000 2025","avocadofields","shock naik tj se murah itu,, maaf norak","0","0","in"
"1920478200485826967","Thu May 08 13:57:38 +0000 2025","TuvaJr","Kukumbushana muhimu","0","0","in"
"1920477884105331179","Thu May 08 13:56:22 +0000 2025","Detectivesadiq1","@real_tijjanii @Muhdyahaya_B Kana ruwa😂😂😂 tj shi shi i no get","0","2","in"
"1920477517791604814","Thu May 08 13:54:55 +0000 2025","PradityaSIA01","Kenapa atap stasiun Matraman @CommuterLine @KAI121 ga nyambung sama atap JPOnya @PT_Transjakarta ? Kalo hujan mengganggu sih, apalagi yg pakai liftnya https://t.co/GhD9VmYdZb","0","1","in"
"1920477234059415738","Thu May 08 13:53:47 +0000 2025","roti2606","@PT_Transjakarta Kalau spt ini kan kartu saya jadi kena charge double. Dan tidak dpt dipakai di layanan mrt yg terintegrasi","0","0","in"
"1920477100730982564","Thu May 08 13:53:16 +0000 2025","kanadva","@cewonu rela berdesakan naik busway asal sm masnya","0","0","in"
"1920476860409925934","Thu May 08 13:52:18 +0000 2025","TuvaJr","@polo_kimanii @Nyar_sakwaa Unaona ukipewa Kimani?","0","1","in"
"1920476731422462159","Thu May 08 13:51:48 +0000 2025","pjstylaaside","buat yg udah bantu jawab, thank you yaa, hari ini aku sudah ke taman Anggrek ikut saran kalian🤏🏻 berangkat dari st juanda dan pulang ambil tj ke arah st grogol🥰","0","0","in"
"1920476468208902494","Thu May 08 13:50:45 +0000 2025","Raranana24","Serius nih pak @pramonoanung , transum gratis untuk perempuan, tj, lrt, mrt ,jk sudah masuk jkt???.","0","0","in"
"1920476359630987469","Thu May 08 13:50:19 +0000 2025","FarelStar245890","@PT_Transjakarta saran nih ya min 3f mending halte terakhirnya gatot subroto , kalo sore bnr2 parah bgt itu antrian di senayan dki . Coba deh di uji coba . Pnp yang mau naik kor 1 jadi terhambat dan penumpukan bis kor 1 disitu . Udah petugas lama amat geraknya . SETIAP SORE LOH","0","0","in"
"1920475895006982439","Thu May 08 13:48:28 +0000 2025","TJDontAsk","@UsurpedPoetGee bruh 😂","0","1","en"
"1920475803076223359","Thu May 08 13:48:06 +0000 2025","cewonu","pose lagi naik busway pas penuh https://t.co/usnuwWIdbO","0","0","in"
"1920475781005771055","Thu May 08 13:48:01 +0000 2025","_IHAJJUTD_","@worldofslimme Ngapi?","0","0","in"
"1920475357196464365","Thu May 08 13:46:20 +0000 2025","mnchaex","Kita masihvkudu naik krl - tj - ojol buat sampe kantor, jangan sampe lupa hal hal indah ini yaa semangat braiii","0","0","in"
"1920474777937993802","Thu May 08 13:44:02 +0000 2025","thishoneyyy","@eroditions Kak rumah mu dimana? Gua masih di kantor, karena info temen gua belum dapet TJ dari tadi 🥲","0","1","in"
"1920474548119523395","Thu May 08 13:43:07 +0000 2025","menangkopi","@innovacommunity Tom Lembong, doi katanya gapunya mobil. selain itu ada artis dulu yg kmn mana naek tj juga tp lupa namanya.","0","0","in"
"1920474503018139726","Thu May 08 13:42:56 +0000 2025","baemeery","@runforuuuu Pertama kali naik transjakarta sendirian 😭","0","0","in"
"1920473944177438848","Thu May 08 13:40:43 +0000 2025","tj_my_h","Lah ku kira acaranya dah mulai  EFM LIVE X JOSSGAWIN #JossGawinxFANDOMLIVE","0","0","in"
"1920473751109382354","Thu May 08 13:39:57 +0000 2025","joeraganmadu","@innovacommunity TJ itu madu tj maksudnya","0","0","in"
"1920473598470537339","Thu May 08 13:39:21 +0000 2025","maduTJ957","@liliezone Tpi ini cantik bangettt bibirnya bagus mata nya bagus🥰🥰🥰","0","0","in"
"1920473396606865697","Thu May 08 13:38:33 +0000 2025","bban61loey","baru banget kejadiannya kemaren pas djkt, padahal udah dikasi tau. kalo mau ke block M dari benhil naik tj yg 1P tololnya gue naik yg 1 doang. berakhirlah gue distasiun yg tak dikenal🤣🤣","0","0","in"
"1920472867751539163","Thu May 08 13:36:26 +0000 2025","Najiminieara","@pjmwinn Akuu naik tj, mayan rame sii tapi yg arah rumahku kayaknya ga ada army cuma aku smaa temenku yg army aja","0","0","in"
"1920472607893463338","Thu May 08 13:35:25 +0000 2025","namirahsals","@gyuhuiloml ikut kak kt susul naik tj.","0","0","in"
"1920472595922891144","Thu May 08 13:35:22 +0000 2025","ivorysssss","min @PT_Transjakarta lagi ada pengurangan bus di Koridor 1A kah? dari 2 hari yang lalu, tiap pulang kerja jam 5 sore, busway dalam sejam cuma lewat 2 bus, itupun penuh terus. sebelumnya ga gini 😞","0","0","in"
"1920472584757432331","Thu May 08 13:35:19 +0000 2025","howtobesugawife","bodoh bgt gue, salah naik TJ harusnya udah sampe ke tujuan malah balik lagi ke halte awal 🙂  remedial.","0","0","in"
"1920472373800862109","Thu May 08 13:34:29 +0000 2025","fritwesxm","Senayan-Kuningan-Bekasi naik TJ dan LRT. Range harga dan waktu sama aja kayak biasanya gue naik bis🤣  Diselang-seling ok laaaa","0","0","in"
"1920472214635491499","Thu May 08 13:33:51 +0000 2025","RafifFadhlurra4","@mabbycupandboo @PT_Transjakarta Untuk saat ini bus tujuan Lebak Bulus yang terdekat dari Rasuna Said berada di Polsek Menteng","0","0","in"
"1920472058292576367","Thu May 08 13:33:13 +0000 2025","KijomoTJ","@amina_hafidh Kabisa njoo tu join","0","0","in"
"1920471763072299372","Thu May 08 13:32:03 +0000 2025","seobileobi","@basegorengan Min di hari yg ultah ini ap aq bleh request TRANSLATE😭😭😭😭mmf gw decoding di tj blm menemukan jawabanny","0","0","in"
"1920471639650627593","Thu May 08 13:31:34 +0000 2025","tj_zannah","@noor6_zarah Kinyi mun girma da mun fara soyayya","0","0","in"
"1920471568091918559","Thu May 08 13:31:17 +0000 2025","s_erzv","Tj, kata gua mah lu bikin rute Ciputat kotwis #sekedarSaran","0","0","in"
"1920471547804066253","Thu May 08 13:31:12 +0000 2025","syimursyidah","@pjmwinn Akuuu pp transum kok.. Full 2 hari pp transum. Emang kayaknya yang kostum konseran aku doang deh di tj. Mungkin pas pulang udah pada capek kali yaa jadi milih online","0","0","in"
"1920471453063164199","Thu May 08 13:30:49 +0000 2025","sweetsexymiu","kondisi transjakarta nomor 9 arah cawang jam 20.30 https://t.co/Py14IX9xe2","0","1","in"
"1920471227090571526","Thu May 08 13:29:55 +0000 2025","oryzasativq","2024 akhir keliling jkt seharian mampir ke museum, makanny diwarteg, naik tj nyasar, balikny makan nasgor dkt rmh, seru poll sihh tp yaa endingny asing bjirrrr","0","1","in"
"1920470749858386174","Thu May 08 13:28:02 +0000 2025","Haymoz12","@Ohbago1 @Tj_kristoff @Naija_PR Ikeja small","0","2","in"
"1920470650583450065","Thu May 08 13:27:38 +0000 2025","farilong","@mahaethingy tj pulogadung - kejaksaan agung","0","0","in"
"1920470621051396430","Thu May 08 13:27:31 +0000 2025","kyoujiuro","such a blessing hari ini bisa pulang lebih cepet (jam 8 HAHA), tj sepi, dan jalanan jg ga begitu macet 🤍 https://t.co/byo78ld7nF","0","6","in"
"1920470516604760480","Thu May 08 13:27:06 +0000 2025","the2dhalluciner","weekdays routine 5.30 bangun + buat bekal + sarapan 6.15 siap siap berangkat kantor 7.00 naik tj 7.30 nyampe kantor + ngebudak 16.30 naik tj 17.00 ngegym 18.30 pulang + mandi 19.00 rebus telur + makan buah 19.00-23.00 free time","0","0","in"
"1920469611566289299","Thu May 08 13:23:30 +0000 2025","hahahatchim","@honeytaesan lu naik apa deh? tj?","0","0","in"
"1920469365268385851","Thu May 08 13:22:31 +0000 2025","realtjhunt","@UmarHasibuan__ Gw lebih setuju Yaman di konoha jadi kelinci percobaanya, biar insafff 🤣","0","0","in"
"1920469363015971137","Thu May 08 13:22:31 +0000 2025","Hottj69","@cheatingmadness Subrang sarap nyan pre","0","0","tl"
"1920469267146735899","Thu May 08 13:22:08 +0000 2025","TamsterzTJ","@Kishorreey Kananam😍","0","1","in"
"1920469240286441946","Thu May 08 13:22:02 +0000 2025","adekneno","malam jumat gue akan up pvt TJ di twitter","0","0","in"
"1920468866947559547","Thu May 08 13:20:33 +0000 2025","myjjyh","Busway cepat lah datang 😂 https://t.co/CDlstvV5fr","0","0","in"
"1920468743009992875","Thu May 08 13:20:03 +0000 2025","penghuniyks","@pras18ter @elisa_jkt lah klo gt tj gausa sampe ke jabar dah, jakarta aja sini masi banyak yg blom kebagian rute","2","11","in"
"1920468609714790782","Thu May 08 13:19:31 +0000 2025","zhucker_Tj","@AltMik21 Sarap","0","0","tl"
"1920468578366530012","Thu May 08 13:19:24 +0000 2025","124ConchSpree","Tiba2 kepikiran knp gak tiap pulang ngecheat tj jg dari halte gbk toh pasti muter balik juga aargghhh","0","0","in"
"1920468363505000866","Thu May 08 13:18:33 +0000 2025","BaseballFM1","5/7/25 Top Performances  Wilyer Abreu, BOS 3-4 2 HR 3 RBI TJ Friedl, CIN 2-3 2 HR 2 RBI Juan Soto, NYM 2-4 2 HR 3 RBI Pitchers Sonny Gray, STL 7 IP 2 H 0 ER 8 K Michael Wacha, KCR 7 IP 3 H 0 ER 5 K #RedSox #Reds #Mets #Cardinals #Royals","0","1","in"
"1920467450199748826","Thu May 08 13:14:55 +0000 2025","kirarance","@twoister aku belum perna coba TJ!! mauu bangett cobaaaa cuman dia emang lebi sulit ya aksesnya","0","0","in"
"1920467224608870448","Thu May 08 13:14:01 +0000 2025","Tj_AbelT","@StakeDege Tjatk","0","0","in"
"1920466952709156941","Thu May 08 13:12:56 +0000 2025","gamjaprince","@PT_Transjakarta min tolong cdm","0","0","in"
"1920466874493485277","Thu May 08 13:12:38 +0000 2025","rindusaurus","@barniiiiy ada tj kocak kalo lagi jam sepi enak cepet","0","0","in"
"1920466847884779701","Thu May 08 13:12:31 +0000 2025","cukoopies","@jogotsu @officialgopusat apakah km go tj....","0","0","in"
"1920466602387988831","Thu May 08 13:11:33 +0000 2025","benings_tj2","@BesseHidayah Makasih bang","0","1","in"
"1920466564492534193","Thu May 08 13:11:24 +0000 2025","benings_tj2","@kokomkomsari08 Betul mba.. Kapanpun kita harus siap dipanggil.. Semoga kita selalu dalam keadaan husnul khotimah..","0","0","in"
"1920466510423994486","Thu May 08 13:11:11 +0000 2025","mybfgawin","@tj_my_h lah ketuanya aja begitu, ya kita harus lebih bokep lah daripada ketuanya😙🫰🏻  REVELATIONS IN MOONLIGHT #MyGoldenBloodEP9","0","1","in"
"1920465780719628603","Thu May 08 13:08:17 +0000 2025","iam_dediard","@panggilaja_Tj Mau banged","0","0","in"
"1920465688902185447","Thu May 08 13:07:55 +0000 2025","kabochanopie","man selalu inget pas gw breakdown dengerin lagu ini full volume sambil di transjakarta woskwkshsjhj","0","0","in"
"1920465549978427533","Thu May 08 13:07:22 +0000 2025","Rianto1959","@PT_Transjakarta mohon infonya, kbrnya kartu lansia TJ bisa juga digunakan untuk MRT dan LRT. Apkh betul? Terima kasih","0","0","in"
"1920465450271715827","Thu May 08 13:06:58 +0000 2025","bluetotoroe","malem gini kan tj rame + macet bgt ya. gue berdiri depan bapak2, trs totebag gue taroh lantai krn bawa laptop, tab, dll trs mau gue pake lagi tas nya, trs keknya si bapak nya kasian akhirnya nyuruh gue duduk, pdhal w mau turun🥹 ini gmn bilang nya wkwkw","0","0","in"
"1920465277659086853","Thu May 08 13:06:17 +0000 2025","KijomoTJ","Wanawake wa hivi wanapatikana mkoa gani https://t.co/jWNZl6kC7h","0","1","in"
"1920465099040419918","Thu May 08 13:05:34 +0000 2025","tajindermenon","@SajjadH35981701 @Dhirendra_KFan @TurkishCentury Sawal ka jawab to de de supporter :)","0","1","in"
"1920464899798446508","Thu May 08 13:04:47 +0000 2025","Dazzlingclaws","Lahhh Jabar dikasih akses TJ sama DKI malah ditolak sama orang disana wkwk","0","3","in"
"1920464602447351808","Thu May 08 13:03:36 +0000 2025","s_erzv","Sebuah kemajuan, dapet temen baru di tj","0","1","in"
"1920464107813175455","Thu May 08 13:01:38 +0000 2025","babseonsaeng","@_jejakbintang @day6confess Sama samaa 😊","0","0","in"
"1920463949205569781","Thu May 08 13:01:00 +0000 2025","AbyssinianSpice","naik busway ke arah SCBD. rapih pake batik dan Lanyard. seenggaknya sekarang gw udh ngerasain sekali","0","1","in"
"1920463873523491310","Thu May 08 13:00:42 +0000 2025","KijomoTJ","@thickfaah06 Anafata dada wa kazi","0","0","in"
"1920463728987828731","Thu May 08 13:00:08 +0000 2025","ajisa2612","@PT_Transjakarta D21 gangguan kah min? Lama banget nunggunnya","0","0","in"
"1920463455594627450","Thu May 08 12:59:02 +0000 2025","rendynsptr","msh jadi pertanyaan gw kenapa supir TJ kalo nyetir kaga ada yg enak, kyk lagi bawa semen &amp; pasir","0","0","in"
"1920463403816202504","Thu May 08 12:58:50 +0000 2025","SerenadeLonea","Ni sekalinya dapet karena di stop bapak2, gokil udah 3KM satu2nya dia stop cuma pas gue naik tadi dan Pertamburan.  Padahal kosonggg, cuma bertigaa. @PT_Transjakarta","0","0","in"
"1920463323675406673","Thu May 08 12:58:31 +0000 2025","ichaicacaca","Plis bgt jalur busway gerbang pemuda ke semanggi tolong banget jalurnya dijagain @PT_Transjakarta . Capek bgt berdiri dalam bus desak2an selama berjam2. yang naik kendaraan pribadi masih enak macet2an masih bisa duduk. hal kayak gitu bikin org males naik kendaraan umum !","0","0","in"
"1920463259083092465","Thu May 08 12:58:16 +0000 2025","Vallorant","Kekocakan hari ini adalah accidently kami (orang kantor dan temen satu divisi) naik TJ yang sama. 😭😭😭 https://t.co/QQibvm0fkm","0","0","in"
"1920463183497605365","Thu May 08 12:57:58 +0000 2025","lkjhgTJ","Males makan tp laper","0","0","in"
"1920463151172026614","Thu May 08 12:57:50 +0000 2025","JungPucca","Gua yg ke arah Palmerah sampe ngitungin itu TJ yg antre dari pas masuk Halte Semanggi sampe JCC ke belakang ada 50 antrean bus. Panjang bgtt🥲","0","0","in"
"1920463142666096758","Thu May 08 12:57:48 +0000 2025","penicillien","@agoodbiscuits Abis ga dibales sama mereka berdua @PT_Transjakarta @mandiricare   https://t.co/cvZlymtAEU","0","0","in"
"1920462562400805327","Thu May 08 12:55:30 +0000 2025","MonicaAgustin_","@PT_Transjakarta Makasih untuk actionnya 🙏  Langsung bener anjay 😭😅 https://t.co/ehnTiYQMIl","0","0","in"
"1920462323229069489","Thu May 08 12:54:32 +0000 2025","_Tj256","@adief2j Yaman","0","0","tr"
"1920462181918720309","Thu May 08 12:53:59 +0000 2025","_Tj256","@YairoMugad73286 @256Rootyherman @DebbyDeboel @edwinram52 @hakimtz29 @karothk256 @mkainerugaba @rashel_256 Ooh 😂 Bakuwe","0","1","tl"
"1920461980827050074","Thu May 08 12:53:11 +0000 2025","whitechocokl","Gw mencari foto punggung tj bjir gaada","0","0","in"
"1920461846479241664","Thu May 08 12:52:39 +0000 2025","remark_ablee802","Buset 2jam kejebak di tj anjirrr 😭 padahal cuma mau ke gbk 😑","0","0","in"
"1920461741072527790","Thu May 08 12:52:14 +0000 2025","bukansecaccc","@PT_Transjakarta min, ini TJ arah manggarai - Blok M emang selama ini kah???? Dah hampir sejam nungguin gils","0","0","in"
"1920461645064638598","Thu May 08 12:51:51 +0000 2025","KijomoTJ","@Cutyhusnah Naomba mi ndiyo niwe mfungua njia","0","0","in"
"1920461589506920498","Thu May 08 12:51:38 +0000 2025","alfatj_","cuma berdoa semoga kelak bisa mendapatkan buku ""Hujan Rintih-Rintih""","0","0","in"
"1920461583081185709","Thu May 08 12:51:36 +0000 2025","alfatj_","ini akan menjadi novel kedua dari @hurufkecil yang akan saya baca setelah dulu selesai membaca novel ""Lelaki Terakhir Yang Menangis di Bumi"" https://t.co/hcqyM1JGzX","0","0","in"
"1920461557877686342","Thu May 08 12:51:30 +0000 2025","alfatj_","satu lagi bookmail yg membuat saya girang hari ini telah tiba. novel dari penyair favorit saya, Aan Mansyur.   walau belum lengkap mengoleksi beberapa buku beliau, ketika melihat novel ini saya tak akan melepaskannya begitu saja. https://t.co/38Lz2EPE8m","0","1","in"
"1920461557739475338","Thu May 08 12:51:30 +0000 2025","donutrasacoklat","macet bgt plis grgr demo, pinggang gw mau copot naik tj koridor 9","0","1","in"
"1920461490286477459","Thu May 08 12:51:14 +0000 2025","pilihan_2nd","@innovacommunity kayanya gue deh. soalnya beberapa kali lewat tweet nanya mobil 50jtan trs gue kgaet ternyata bisa seharga itu ya? tp gue anaknya PARNO MENTOK. panik dikit bisa jd kemana2 dan itu bisa mencelakakan org. toh gue jg jatuh cinta sm TJ😍🥰","0","0","in"
"1920461460641108009","Thu May 08 12:51:07 +0000 2025","yeonbivn","eh pas lagi otw halte denpasar eh liat tj 9A lewat tol dengan kondisi yang gue langsung lemes.. mana biasanya gue naik 9A ini lagi ngide naik 9 wkwk","0","0","in"
"1920461270840381830","Thu May 08 12:50:22 +0000 2025","sopesinism","apa hukumnya berteriak woi ngantri monyet di halte tj","0","0","in"
"1920461159741661236","Thu May 08 12:49:55 +0000 2025","ornagbingung","@svnflowieee Kok orang orang gk stress tiap hari naik tj","0","0","in"
"1920461058537386177","Thu May 08 12:49:31 +0000 2025","ornagbingung","@duanyaadaempat Cape ya naik tj kok orang orang kuat","0","0","in"
"1920460951179915300","Thu May 08 12:49:05 +0000 2025","Saadiju04718748","@KhaniiiKZMA @SabeeKazmi786 @grok Teri behan k phudy m agg bhark gai h wo thandi krni pary ge jo tj s bri h soch kitni chikni h ab nam b btaon uska kahy to m janta sb tery bary m","0","0","in"
"1920460881869025683","Thu May 08 12:48:49 +0000 2025","realTJBarry","@Time2CTruth2 Ki-Kat! 😄💥","0","1","hu"
"1920460497729544683","Thu May 08 12:47:17 +0000 2025","MergedMatches","🔥 TJ Banik Kalinovo vs Lokomotiva Kosice 🗓️ ⏰ Sun, 04/May/2025, 16:00 GMT+0 2️⃣ - 2️⃣ 🔥 Dive into insights, standings &amp; results at Merged Matches! 📊⚽👉  https://t.co/opsA3oShLh #Football #BettingTips #MergedMatches","0","0","in"
"1920460452451983652","Thu May 08 12:47:06 +0000 2025","yerijmese","jantung gue mau copot. ni supir tj masih magang atau ngantuk dah..","0","0","in"
"1920460297455706197","Thu May 08 12:46:29 +0000 2025","yourday1s","sampe supir tj ny turun anjg ini kenapaa jalanan","0","1","in"
"1920460137581396287","Thu May 08 12:45:51 +0000 2025","smellafterrainx","min kl naik 6N arah ragunan dari ampera 1 trs nyambung 7E arah rambutan transitnya di halte mana ya? ragunan bisa ga?  @PT_Transjakarta","0","0","in"
