"id","created_at","username","text","retweets","likes","lang"
"1919904195635019853","Tue May 06 23:56:44 +0000 2025","yanapandu","Di uji coba aja dulu. Nanti keliatan peminatnya ya kan? @PT_Transjakarta","0","1","in"
"1919903711759106386","Tue May 06 23:54:49 +0000 2025","Banserepsarap79","@Franken_blues Bagusan diblock lah","0","0","in"
"1919903434523689189","Tue May 06 23:53:43 +0000 2025","moonriseswell","@PT_Transjakarta Maaf saya engga catat/ingat nomor body, tapi rute 1E dari arah blok m menuju pd labu di bus stop depan RS Fatmawati sekitar pukul 19.12. Terima kasih","0","0","in"
"1919903387258389002","Tue May 06 23:53:32 +0000 2025","yan_nas","yah gitu doang pak naik TJ dari assyafiaah turun di halte radar jatiwaringin, pake baju putih DKI","0","0","in"
"1919902992351818215","Tue May 06 23:51:58 +0000 2025","tom_hutomo","@BuswayFansC hmmm, begitu 🧐 pantes tukang roti seneng banget nempel tj","0","0","in"
"1919902863318229323","Tue May 06 23:51:27 +0000 2025","libraliry","duh wangi kopi sp ini di tj","0","0","in"
"1919902811912892542","Tue May 06 23:51:15 +0000 2025","chxsedown","TJ going #InThePot","0","1","in"
"1919902598695444590","Tue May 06 23:50:24 +0000 2025","RafifFadhlurra4","@cellosbaby @PT_Transjakarta Bisa","0","0","in"
"1919902563593552252","Tue May 06 23:50:15 +0000 2025","RafifFadhlurra4","@Wiwi63304643 @PT_Transjakarta Pilihan 5: Naik JAK.07 jurusan Tanah Abang turun di Stasiun Tanah Abang lalu naik KRL jurusan Cikarang via Manggarai turun di BNI City","0","0","in"
"1919902453509849419","Tue May 06 23:49:49 +0000 2025","RafifFadhlurra4","@Wiwi63304643 @PT_Transjakarta Pilihan 4: Naik 9A jurusan Cililitan turun di Semanggi lalu naik 6B jurusan Balaikota turun di Dukuh Atas","0","0","in"
"1919902346181480844","Tue May 06 23:49:24 +0000 2025","RafifFadhlurra4","@Wiwi63304643 @PT_Transjakarta Pilihan 3: Naik Koridor 9 jurusan Pinang Ranti turun di Gerbang Pemuda lalu naik 1B jurusan Tosari turun di Dukuh Atas","0","0","in"
"1919902233635799397","Tue May 06 23:48:57 +0000 2025","Noegroho_Hs","@PT_Transjakarta min buka DM ku","0","0","in"
"1919902222735012279","Tue May 06 23:48:54 +0000 2025","RafifFadhlurra4","@Wiwi63304643 @PT_Transjakarta Pilihan 2: Naik 2A jurusan Pulo Gadung turun di Pulo Gadung lalu naik Koridor 4 jurusan Galunggung","0","0","in"
"1919901944212287741","Tue May 06 23:47:48 +0000 2025","cheolililalali","udah lama gak naik tj, mual banget asli","0","0","in"
"1919901763848581508","Tue May 06 23:47:05 +0000 2025","RafifFadhlurra4","@Wiwi63304643 @PT_Transjakarta Pilihan 1: Naik Koridor 3 jurusan Monumen Nasional turun di Monumen Nasional lalu naik Koridor 1 jurusan Blok M turun di Dukuh Atas","0","0","in"
"1919901724518633618","Tue May 06 23:46:55 +0000 2025","cellosbaby","@RafifFadhlurra4 @PT_Transjakarta dari al falah anniyah bisa naik 78? saya mau ke cengkareng business city","0","0","in"
"1919901624874799216","Tue May 06 23:46:32 +0000 2025","isLillies","kemaren ada bapak bapak baik ngasih gua tempat duduk di tj padahal gua bukan prioritas 🥹🥹🥹 baik banget pak 🥹🥹🥹 sehat terus ya pak 🥹🥹🥹","0","1","in"
"1919901584768577845","Tue May 06 23:46:22 +0000 2025","RafifFadhlurra4","@wonwookalkulus @PT_Transjakarta Nggak bisa","0","0","in"
"1919901516367810645","Tue May 06 23:46:06 +0000 2025","RafifFadhlurra4","@NgrhnU @PT_Transjakarta Untuk saat ini armada JAK.54 yang terdekat dari JDC arah Benhil berada di PLN Kota Bambu","0","0","in"
"1919901058605678869","Tue May 06 23:44:17 +0000 2025","RafifFadhlurra4","@cellosbaby @PT_Transjakarta Dari Masjid Al Falah Annaniyah naik JAK.78A jurusan Benda Raya turun di Conjioo Hotel Jakarta Airport","0","0","in"
"1919900488700490115","Tue May 06 23:42:01 +0000 2025","tapaklambe","@PT_Transjakarta supir TJ 1R TJ-0517 tidak mau membuka pintu tengah/belakang walau kondisi penuh https://t.co/a5pFbKF3e0","0","0","in"
"1919898933360525447","Tue May 06 23:35:50 +0000 2025","moonriseswell","@PT_Transjakarta Saya engga catat nomor body, tapi rute 1E ya min tadi malam sekitar pukul 19.12 di bus stop fatmawati. pramudi menutup mesin tap kartu dan meminta semua penumpang untuk masuk terlebih dahulu. Saya bisa paham kalau dalam kondisi darurat, tapi pada saat kejadian tidak ada urgent.","0","0","in"
"1919898699632980140","Tue May 06 23:34:54 +0000 2025","younjunzg","Sekarang lebih suka pergi naik tj pulang naik krl. Kebalik","0","0","in"
"1919898561858437211","Tue May 06 23:34:21 +0000 2025","Wiwi63304643","@PT_Transjakarta min mau tanya, dari terminal Grogol kalo mau k dukuh atas stasiun MRT naik koridor berapa?","0","0","in"
"1919897654823182409","Tue May 06 23:30:45 +0000 2025","ReneRaiderFort","@HoodDekuThe30th @mainmajin Hood dekus back?","0","1","in"
"1919897214165340240","Tue May 06 23:29:00 +0000 2025","vlades77","@PT_Transjakarta 1500102 potong pulsa ga? Ato d ktr pusat d cawang ad cs yg bs layani keluhan ga?","0","0","in"
"1919896797876556175","Tue May 06 23:27:21 +0000 2025","ALFTJ1","@Enrique53904974 WN SDW IGNORANTE!!! https://t.co/YPG4pCnI4x","0","0","in"
"1919896643358581011","Tue May 06 23:26:44 +0000 2025","anenabc","banyak bgt di tj yg pake baju garis putih biru, untung gw pink","0","0","in"
"1919896330006049037","Tue May 06 23:25:29 +0000 2025","FadianaDe","@CommuterLine min kapan ya PIK ada krl , capek min kalau hari kerja selalu naik TJ , Belum lagi macet nya","0","0","in"
"1919896236225642792","Tue May 06 23:25:07 +0000 2025","haloakumiar","@PT_Transjakarta halte busway 4C sudah berada dimana ya? Saya sudah di halte pasar genjing","0","0","in"
"1919895622745796903","Tue May 06 23:22:41 +0000 2025","floursxgar","buset dah di halte busway jam segini orang-orang pada jadi atlet lari dadakan yh😮‍💨","0","1","in"
"1919895144452481267","Tue May 06 23:20:47 +0000 2025","mhmiql","@PT_Transjakarta  Bis MYS 19220 yang saat ini sedang mengisi trayek 7F Rambutan - Juanda tidak terdeteksi di aplikasi TJ. Mohon diperbaiki isunya, terima kasih. https://t.co/V4D2QHR5yW","0","0","in"
"1919894525746577550","Tue May 06 23:18:19 +0000 2025","NgrhnU","@PT_Transjakarta pagi ini pun sama, lama dateng, selalu penuh, armada jarang datengnya. Tolong banget inimah min🥲🙏🏻","0","0","in"
"1919894414010327281","Tue May 06 23:17:52 +0000 2025","hadisdisdis","Pemandangan baru. Tiap hari rabu yang keliatan selfie-selfie di TJ, LRT, KRL sudah dipastikan belio belio ini ASN 🙏🙏","1","0","in"
"1919893615490351133","Tue May 06 23:14:42 +0000 2025","outsideTJ","@shaaruone dah ktmu lom 🤭","0","0","in"
"1919892795524891041","Tue May 06 23:11:26 +0000 2025","blveseapphire","terus dia bilang, ""gua malu mil mau nyapa, takut salah orang."" dia cengengesan aja, ini dia nyapa juga pas dia mau turun TJ anjir.","0","0","in"
"1919892715405451373","Tue May 06 23:11:07 +0000 2025","benings_tj2","Ngasih tau aja.. .  .. Setelah pemeriksaan di rumah sakit, Razman Arif Nasution didiagnosis menderita GERD, vertigo, dan maag. ""Dari hasil pemeriksaan, dokter mendapati sejumlah penyakit pada tubuh Razman Arif Nasution, yaitu GERD, vertigo, dan maag,""  Harus banyak istirahat supaya tidak terganggu kejiwaannya🫩  https://t.co/6Yx7wrKXLE","1","7","in"
"1919892034594472118","Tue May 06 23:08:25 +0000 2025","tocerba","busway jalan DEPAN MUKA GUE terus kaki gue diinjek bapak2 sakit bgt fak pake perasaan nginjekny doi","0","0","in"
"1919891622344692111","Tue May 06 23:06:47 +0000 2025","tgjain","@YazYazKhan @IndianEmbassyUS g@@md mein daal lo apni","0","2","in"
"1919891503746367613","Tue May 06 23:06:19 +0000 2025","Auwal_Gims","@tj_zannah Ku zakuji kunya ai","0","1","in"
"1919891301639852318","Tue May 06 23:05:30 +0000 2025","jMqUbxQaVdTjL86","@khaSq3T7KjoZUbD BANDAI","0","1","lt"
"1919891149986398670","Tue May 06 23:04:54 +0000 2025","barudakbumi_","@skipberat wkwkwkwkwk fly over tj","0","0","in"
"1919890492679995531","Tue May 06 23:02:17 +0000 2025","twinkanation","LUPA HARI INI GURU PADA NAIK TJ ASUUUUWUSUWH","0","1","in"
"1919889682663670222","Tue May 06 22:59:04 +0000 2025","cellosbaby","@PT_Transjakarta mau ke cengkareng business city","0","1","in"
"1919889193037127759","Tue May 06 22:57:08 +0000 2025","PendekarTj3161","@democrazymedia Fitnah? Mau bukti fitnah apa ndak ya harus di forensik kan? Mangkannya mana ijazah mukidi","0","0","in"
"1919889144160874995","Tue May 06 22:56:56 +0000 2025","Hanhannieishere","Ada kejadian di depan mata gue.  Bapak bapak masuk tj Duduk Difotoin asistennya Keluar bus  Balik ke mobilnya  Wkwkwkkwkwkwkwkwkkwkwkwkkwjwkwkkwkwkwkw","0","0","in"
"1919886504484089872","Tue May 06 22:46:27 +0000 2025","KijomoTJ","@happieeeh Labda umzae mwenyewe 😁😁","0","0","in"
"1919886155434086696","Tue May 06 22:45:03 +0000 2025","KijomoTJ","@Hamisi_Mbaade Ligi ina uswahili mwingi kama ngoma za kingoni,  napenda kuangalia mpira ambao upo na professionalism nzuri, hapa kwetu bado sana may be after 30 yrs, kwa wanaojua professionalism ya football huwezi sikia Man u kasusia darby vs Liverpool au rangers kasusia game against Celtic","0","0","in"
"1919884644771889257","Tue May 06 22:39:03 +0000 2025","umarsantoso","@PT_Transjakarta lalu potong jalur saya dia crosing ambil jalur 2 ke jalur 1 karena di ITC ada halte, dan saya perhatikan setiap ambil potong jalur kendaraan tsb tidak menggunakan lampu seins.","0","0","in"
"1919884514781733359","Tue May 06 22:38:32 +0000 2025","umarsantoso","@PT_Transjakarta Kronologis posisi sekitar jam 17:50 tgl.6/Mei/2025 mobil saya dari arah sudirman ke arah kokas, di jalur 3 pas ada putar balik sebelum ITC kuningan Mikro trans dari belakang masuk ke jalur 4 yg utk jalur putar balik memepet mobil saya utk ambil jalur saya hingga sepion saya kena,","0","0","in"
"1919884287157170466","Tue May 06 22:37:38 +0000 2025","NMAaz_","Udah lama ga ngerasain naik busway bayar 2000","0","0","in"
"1919883968180011180","Tue May 06 22:36:22 +0000 2025","KijomoTJ","@Hamisi_Mbaade Bro sijawai kuangalia mechi hata moja ya ligi kuu Tanzania, sababu sipendi mpira wa kisenge ni bora niangalie EFL championship au premiership kuliko ligi ya bongo, iko na upuuzi mwingi","0","1","in"
"1919883340628267032","Tue May 06 22:33:52 +0000 2025","KijomoTJ","Mashabiki wa Man u wanalilia chooni 😁","0","1","in"
"1919882887291080930","Tue May 06 22:32:04 +0000 2025","sadeeyk_tj","@Waspapping_ Ya kake abu kaman ka shaqa ne?🤣🤣🤣","0","1","in"
"1919882569874600259","Tue May 06 22:30:49 +0000 2025","moonriseswell","@PT_Transjakarta min kalo sesuai SOP pelayanan, apa boleh pramudi menutup mesin tap kartu dengan tangan atau bahkan mematikan mesin tap kartunya dan menyuruh semua penumpang masuk dulu baru boleh tap kartu?","0","0","in"
"1919882342262358462","Tue May 06 22:29:54 +0000 2025","tyreesetjjoyner","PG era","0","0","in"
"1919881678828208448","Tue May 06 22:27:16 +0000 2025","ToozTj","@iamkirara3 German","0","0","in"
"1919881214074159164","Tue May 06 22:25:25 +0000 2025","cellosbaby","@PT_Transjakarta kalau dari purbet naik 107 ke 78, transit apa ajaa ya","0","0","in"
"1919880916543144185","Tue May 06 22:24:14 +0000 2025","pengrajinkendi","Rame bener PNS jam segini di TJ 🤣🤣🤣","0","0","in"
"1919880542725779669","Tue May 06 22:22:45 +0000 2025","nnaxls","tj beneran penuh asn wkwk","0","0","in"
"1919879255543980241","Tue May 06 22:17:38 +0000 2025","maluparis","aq no es seria •ph •tj •ch •lp •2r •gb","0","25","in"
"1919879025289224448","Tue May 06 22:16:43 +0000 2025","sadeeyk_tj","@Kharried_CFC Walai 😂😂","0","1","in"
"1919878884796842024","Tue May 06 22:16:10 +0000 2025","KijomoTJ","@Hamisi_Mbaade Hamna sijagugo huyu jamaa namfatilia ashawai kufanya sevu 15 kwenye mechi moja buyern Munich vs Borrussia monchengladbach na Bayern munich alikufa moja bila hiyo game mwaka 2022","0","1","in"
"1919878171748413827","Tue May 06 22:13:20 +0000 2025","mj_BIU","@sadeeyk_tj @PedriSZNinnitt @_Salimah__ Angama mr president","0","0","in"
"1919877817522602387","Tue May 06 22:11:55 +0000 2025","KijomoTJ","@Hamisi_Mbaade Huyu jamaa walimtoa buyern baada ya kumuuza onana na huyu jamaa buyern Munich alikuwa kwa mkopo timu yake ya utotoni ni Borrussia monchengladbach","0","6","in"
"1919877032164352472","Tue May 06 22:08:48 +0000 2025","dogbytecat","@tjdragons26 Hi TJ 🫶🏻","0","1","in"
"1919876576222523835","Tue May 06 22:07:00 +0000 2025","KijomoTJ","@GilbertPaul095 Kabisa","0","0","in"
"1919876028916216178","Tue May 06 22:04:49 +0000 2025","TuvaJr","@RazRovv 😂😂😂walai","0","0","in"
"1919875426035359770","Tue May 06 22:02:25 +0000 2025","KijomoTJ","@prolific_88 Kabisa Kaka","0","0","tl"
"1919874099326730524","Tue May 06 21:57:09 +0000 2025","KijomoTJ","@George_Ambangil Kabisa inter hawana mabeki, mabeki wao ni wazur mbele tu","0","0","in"
"1919873817972769151","Tue May 06 21:56:02 +0000 2025","Bylka_2133","@TJ_LFC1 @CFC_Janty Salah ballon d'or in May 2025 https://t.co/x19MaC4w05","1","110","in"
"1919873195399684166","Tue May 06 21:53:33 +0000 2025","Oluwadarra","@Shizzy_tj Barca ni.🤣","0","0","in"
"1919872986951131361","Tue May 06 21:52:44 +0000 2025","TJMufuta","@ForeverEmilia Motema mabe 😂😂😂😂😂","0","0","in"
"1919872605869289929","Tue May 06 21:51:13 +0000 2025","Reginald1804","@AdoAdo02 Tj bayo li","0","0","ht"
"1919872521567932653","Tue May 06 21:50:53 +0000 2025","heart_desires9","Lamine Yamal https://t.co/xJINe9TFOG","0","1","in"
"1919872453922242795","Tue May 06 21:50:37 +0000 2025","initije","What if kipernya inter masih Onana??","0","1","in"
"1919871862818918867","Tue May 06 21:48:16 +0000 2025","iseverrmore","@fokorsce 😂 tj ap subha university ki tyari kro","0","0","in"
"1919871838433214471","Tue May 06 21:48:10 +0000 2025","TJ_Bass316","MOTM‼️","0","0","fr"
"1919870307562664018","Tue May 06 21:42:05 +0000 2025","TJ_LFC1","@WelBeast PSG turn","0","8","in"
"1919870002221515179","Tue May 06 21:40:52 +0000 2025","twnty1tj","Alhamdulillah","0","1","in"
"1919869949373239591","Tue May 06 21:40:40 +0000 2025","Issystopit","@tommiide @Shizzy_tj Cc joor","0","0","in"
"1919868597892976837","Tue May 06 21:35:17 +0000 2025","sadeeyk_tj","@RaniloveRanilov Abeg ooh 😂😂","0","0","nl"
"1919868295269785808","Tue May 06 21:34:05 +0000 2025","_IHAJJUTD_","Jamaa Atahara kwa Suit","0","0","in"
"1919868239917580687","Tue May 06 21:33:52 +0000 2025","RafifFadhlurra4","@fangirlll95 @PT_Transjakarta Langsung saja naik Koridor 9/9A jurusan Pluit/Grogol Reformasi turun di Tanjung Duren","0","0","in"
"1919868085810692270","Tue May 06 21:33:15 +0000 2025","Adrianussatrio","Ayooo parkir bus Transjakarta","0","0","in"
"1919867480912048195","Tue May 06 21:30:51 +0000 2025","tgjain","@HVSBanwait Jo Bole So Nihal, Sat Sri Akal","0","2","in"
"1919867369662415262","Tue May 06 21:30:24 +0000 2025","RafifFadhlurra4","@seulgireum @PT_Transjakarta Silahkan naik KRL jurusan Jakarta Kota turun di Gondangdia lalu naik JAK.10A jurusan Cikini via Salemba Raya turun di Taman Ismail Marzuki","0","0","in"
"1919866649294844031","Tue May 06 21:27:33 +0000 2025","TJLeather1","@LePapillonBlu2 Dementia","0","0","in"
"1919866472370725182","Tue May 06 21:26:51 +0000 2025","tomjohnst0n","@livvneall Yossi Benayoun?","0","2","in"
"1919865876725072260","Tue May 06 21:24:29 +0000 2025","EHazardFC","Yamal WOW, Lewa…","0","2","in"
"1919864741427577026","Tue May 06 21:19:58 +0000 2025","TJLeather1","@Acyn Dementia Don","0","0","in"
"1919862467162669353","Tue May 06 21:10:56 +0000 2025","muchirahondota","@tynaxhe Ya pakuda kushata","0","1","in"
"1919862304755085414","Tue May 06 21:10:17 +0000 2025","Abdulgaffar_tj0","Aci jakai","0","1","in"
"1919862125356294147","Tue May 06 21:09:34 +0000 2025","RM20TJ","@BoumeSama Dembele Hakimi Neves Donnarumma  Nuno","0","10","in"
"1919861361019961479","Tue May 06 21:06:32 +0000 2025","TJAllisonGolf","@BreannaMorello Hoorah!","0","0","in"
"1919860975357862204","Tue May 06 21:05:00 +0000 2025","tgjain","@iihtishamm memes bana ab , karo humour","0","0","in"
"1919859971887411674","Tue May 06 21:01:01 +0000 2025","tj_zannah","Matsoraciya kawai","0","0","in"
"1919859940518195705","Tue May 06 21:00:53 +0000 2025","Tjsj7777","@lebronCFC Arsenal vs psg","0","0","in"
"1919859904912793860","Tue May 06 21:00:45 +0000 2025","DEADMASKSS","@tjthecreator_ Gm Tj ☕️","0","1","in"
"1919858822425833805","Tue May 06 20:56:27 +0000 2025","2lanTJ","@ZakweSA Kuhlangene inkani zodwa lana  3-3 😂😂😂😂😂","0","0","in"
"1919858532230258764","Tue May 06 20:55:17 +0000 2025","initije","Kok ada, orang bangun jam ½ 4 pagi dan ngobrol,  Kok ada 😌","0","0","in"
"1919857577187303506","Tue May 06 20:51:30 +0000 2025","SeraArzud","@Sgreuuh @AboutFantasic4 Depuis tj","0","0","ht"
"1919857318285504874","Tue May 06 20:50:28 +0000 2025","muchirahondota","@__Vigie Wamuka manje","0","0","in"
"1919856820610302444","Tue May 06 20:48:29 +0000 2025","TJ_Pittinger","SCENES IN MILAN!!!!!!!!!!!!!!!","0","3","in"
"1919855023074209905","Tue May 06 20:41:21 +0000 2025","mi_error5001","@strwbrrysundayy Halah, urusan pribadi kok jadinya konsumsi publik? Muna sekali, emang dia gitu di jalanan? Di TV? Kalau mereka berdua chat atau VC yaa berarti urusannya sama2 mau.","4","101","in"
"1919854053649219962","Tue May 06 20:37:30 +0000 2025","mi_error5001","@WatchmenID Kayak gak ada tema lainnya aja.","0","0","in"
"1919852889230442899","Tue May 06 20:32:52 +0000 2025","mi_error5001","@ariomalv @eexxoo_7 Anak2 konoha belum bisa dididik dengan cara yang Anda sampaikan tsb","0","0","in"
"1919852562787782780","Tue May 06 20:31:34 +0000 2025","mi_error5001","@neshaaiiaa @eexxoo_7 Anda punya anak?","0","0","in"
"1919852387558416585","Tue May 06 20:30:52 +0000 2025","initije","@bukanikansalmon Its okayy, gpp fokus pemulihan dlu saja","0","0","in"
"1919851111218868461","Tue May 06 20:25:48 +0000 2025","AdelabuMustaph2","@JohnFanimokun Oko iyawo from the oza room 😍😊😄. Asiwaju is not their Leader's mate","0","4","in"
"1919850499538616687","Tue May 06 20:23:22 +0000 2025","mi_error5001","Anjay, dulu pasukan hoax, lalu pasukan buzzer, sekarang pasukan tread di X  ini. Malas bacanya.","0","0","in"
"1919849485431140767","Tue May 06 20:19:21 +0000 2025","terrejaunetvrdc","TJ INFO DU 06 MAI 2025 https://t.co/qdICEkyb5r via @YouTube","0","0","fr"
"1919849230048584174","Tue May 06 20:18:20 +0000 2025","initije","Giliran inter yg linglung 😅","0","0","in"
"1919848665302368669","Tue May 06 20:16:05 +0000 2025","initije","@bukanikansalmon Lekas sembuh man, 🙏🙏🙏","0","0","in"
"1919848321109176592","Tue May 06 20:14:43 +0000 2025","auliaciulia","kangen hutan kota, kangen jalan2 naik busway, kangen nenek, kangen eksplore kopisop sendirian, atau kgn nangis di atas jembatan scbd, kangen eli, kangen bercanda sama kakek, kangen makan buah smbil di elus2 kepalanya sm nenek, kangen jakarta.","0","0","in"
"1919847488955048225","Tue May 06 20:11:25 +0000 2025","Nacho87329549","@TJS12145 @AlanSla90124663 @Hookumcrew @psiangelic @badhenry070119 @ToursMum @jjmacgregor1 @pvisnesky @Merlin80643296 @BuddyakaBuddyB1 @Tarde_WaterBear @DurranSean @MariaPulk @HibiscusLynn @cory20191 @georgiarealist @MurphyTCat @Shadowsmush @jerry_tuxedo @tiggy_catt247 @MatthewSummors @parsleysmum @philduthie @Gina_Moona @creative54 @Freeds @Dr_eVal @JesseJames0216 @CynthiaRelihan @ChrisGo43167730 @bar25910920 @Obe_QT_Luke @Sg3912 @denvor18 @Helensthoughts1 @Gusnangeldizzy @twitchytail1 @FrankieDoode @GodsJoyCat @LittleTess3 @AviwhiteGSD @EdibleCatsClub @WuffyisFloofy @Sitchycats31017 @SpooksTheMagni1 @CowboyTheBengal Shur ding, TJ!!! #ECCHappyHour https://t.co/qazpB9fP1F","0","1","sv"
"1919846908371075356","Tue May 06 20:09:06 +0000 2025","tj7_sa","Hheyi🎯🤣","0","0","tr"
"1919845405334110350","Tue May 06 20:03:08 +0000 2025","Iwenk58633631","@PT_Transjakarta untuk penumpang royal trans jg tidak ada stempel... lokasi shuttle berbeda dengan yg reguler....jd harus ke shuttle reguler....cukup jauh. Mohon bantuan di FU min","0","0","in"
"1919844993956774353","Tue May 06 20:01:30 +0000 2025","thisshadowfan","@lost_magical HAIII HRUUUU","0","1","in"
"1919844675235840217","Tue May 06 20:00:14 +0000 2025","Iwenk58633631","@PT_Transjakarta min mau tanya untuk penumpang transjakarta naik dari SMB bisa parkir SMB yg sdh disediakan dgn sarat karcis di stempel. Tapi terakhir stempel untuk parkir sdh rusak tidak jelas dan tinta blewer..itu penyediaan stempel ttg jwb siapa ya..... https://t.co/d4VjyTYuNh","0","0","in"
"1919844328010076224","Tue May 06 19:58:51 +0000 2025","jehyook","@skipberat jalur tj koridor 13 yee","0","0","in"
"1919844212876415320","Tue May 06 19:58:23 +0000 2025","TJPinCanada","@CharlieK_news You can do it Kamala... HAHAHAHA... HAHAHAHA!","0","0","tl"
"1919844067350815180","Tue May 06 19:57:49 +0000 2025","tj_zannah","Inter Milan 3-2 Barcelona","0","0","in"
"1919843241609875943","Tue May 06 19:54:32 +0000 2025","nduterste","@PT_Transjakarta Hi Kak, sudah saya DM ya. Tolong cek. Terima kasih","0","1","in"
"1919843212606255105","Tue May 06 19:54:25 +0000 2025","fokorsce","@prickytwatling Allah apnay hifz o aman main rakhay","0","0","in"
"1919843155559456911","Tue May 06 19:54:11 +0000 2025","initije","Penasaran dengan siasat hansi di babak 2  Babak 1 high line, high risk banget. Pemainnya juga pada bingung,  Inter masih solid dan bisa nemu celah","0","0","in"
"1919841871221657941","Tue May 06 19:49:05 +0000 2025","TuvaJr","Weka mpira katikati mamae","0","0","in"
"1919841709875237242","Tue May 06 19:48:27 +0000 2025","Ever_GamerTJ","@noctuzin Dahora","0","1","in"
"1919841577783927040","Tue May 06 19:47:55 +0000 2025","TJMufuta","Barça mawa hein","0","1","in"
"1919841557332512802","Tue May 06 19:47:50 +0000 2025","_IHAJJUTD_","Forza Milan","0","0","es"
"1919840595528355894","Tue May 06 19:44:01 +0000 2025","_IHAJJUTD_","PENAAAA","0","0","in"
"1919838987147215130","Tue May 06 19:37:38 +0000 2025","BraderCulun","@eltuerto_ made in pulgads, bocah tj barat lembek!","0","0","in"
"1919837964248502747","Tue May 06 19:33:34 +0000 2025","sebahejj","Tj did it🔥 https://t.co/ySiWsmBCuK","1","1","in"
"1919836108197691429","Tue May 06 19:26:11 +0000 2025","NaNaendutsel","@NataliaANInda sthn tj","0","0","in"
"1919835402531438985","Tue May 06 19:23:23 +0000 2025","IiooLio134","Ini dunia homo sesempit itu kah😭tadi pagi tiba²ketemu mantan d tj, barusan ketemu mantan lg di Starbucks😭🤣padahal dua²nya tinggalnya diluar jkt, tapi yg barusan dia lg ngedate sama pacar barunya🥺😞","0","8","in"
"1919835387402256834","Tue May 06 19:23:19 +0000 2025","Tjsj7777","Hahah dkm","0","0","in"
"1919834767215767806","Tue May 06 19:20:51 +0000 2025","_IHAJJUTD_","Wacha tuchekii dimba.","0","0","in"
"1919830505974894848","Tue May 06 19:03:56 +0000 2025","BasedTJMiller","@DogRightGirl Wakanda Air","0","0","in"
"1919830105272021251","Tue May 06 19:02:20 +0000 2025","WangaSema","@fozzycapone H1TppgvHeaoYEYXStAxanx32KNYmZJ9LbBh4V4Sx64Nn  @RealNytoMwangi  @Gats_Jr  @Young_TJ_29","0","0","in"
"1919830093746102647","Tue May 06 19:02:17 +0000 2025","boyzxutuyu","@skipberat wkwkwk bawah flyover TJ","0","0","in"
"1919829887038157049","Tue May 06 19:01:28 +0000 2025","Teboho_Sebata","@DanielMonokoane @cnehshuga Ke ya hana ntjaka","0","0","in"
"1919829053726511423","Tue May 06 18:58:09 +0000 2025","TimothyJohnMul1","@kunwarabhi7 Kross","0","1","no"
"1919827997420405131","Tue May 06 18:53:57 +0000 2025","viegasape","@tjthecreator_ @BoredApeYC @boredcloset GM TJ 💪🔥","0","1","in"
"1919827348083314961","Tue May 06 18:51:23 +0000 2025","TJ_for_Life2","@0xZyaf Yoo gee","0","0","hi"
"1919827208278819081","Tue May 06 18:50:49 +0000 2025","TJ101yller","Mcm Dlamin #OrlandoPirates","0","0","in"
"1919825632617209966","Tue May 06 18:44:34 +0000 2025","missTJ_m","@SibonisoShamase Ok sengizalinda mase une mild 😂😂😂","0","1","in"
"1919824700642906358","Tue May 06 18:40:51 +0000 2025","TuvaJr","@R0gersJnr @thuggish1 Maji yanapita kupita ayam hearing","0","0","in"
"1919823423636656492","Tue May 06 18:35:47 +0000 2025","Reign4Brutality","@bellasusos BANGERRRRRRRR🔥🔥🔥🔥","0","1","in"
"1919820451980697776","Tue May 06 18:23:58 +0000 2025","Joesa_TjP","@ndahmutty klo mau niru dimulai.. mandiri, daftar sendiri (iya bukan ortu yg daftarin), jangan harap mapel kosong, kalau bolos rugi sendiri, ga naik siap DO, nilai apa adanya tidak ada katrolan, tgas tugasnya sering kritis, pake nalar dst. Disiplin sadar bukan dipaksa , bukan doktrin. siap?","0","1","in"
"1919818811248693693","Tue May 06 18:17:27 +0000 2025","Beljack2822891","@PT_Transjakarta min mau tanya kalau dari Halte Rasuna Said mau ke Perpus Cikini (TIM) naik rute apa ya. Makasih sebelumnya.","0","0","in"
"1919818795687805155","Tue May 06 18:17:24 +0000 2025","tjtomescosports","@SHCBackupAcc @BryanHoch Ik ik","0","0","nl"
"1919818566699733238","Tue May 06 18:16:29 +0000 2025","busway10h","YA WALAUPUN ADA BEBERAPA KEGIATAN yg gue belgi belaga gila aja sih","0","0","in"
"1919818564296487126","Tue May 06 18:16:28 +0000 2025","busway10h","im juggling between a lot of things, im surprised gue masih bisa berdiri sampe sekarang","0","0","in"
"1919818059419635752","Tue May 06 18:14:28 +0000 2025","DustBiacooks","@forbiancadvr Siri play sariling mundo by TJ hahaha","0","0","tl"
"1919817356827603352","Tue May 06 18:11:41 +0000 2025","tj_zannah","Inter Milan 3-2 Barcelona","0","0","in"
"1919816965540995434","Tue May 06 18:10:07 +0000 2025","AdelabuMustaph2","@PBATMediaCentre Asiwaju himself","0","0","in"
"1919816763652370634","Tue May 06 18:09:19 +0000 2025","Torriosh","@gojosatoso Aku minta security buat kasih ke orang","0","2","in"
"1919816235182703070","Tue May 06 18:07:13 +0000 2025","Tj3448025927506","@LusisaNashon @KhalifKairo Onyi tulia","0","5","in"
"1919815943938572736","Tue May 06 18:06:04 +0000 2025","SquareTJ","@ParionsSport Inter Milan #FreebetParionsSport","0","0","sv"
"1919814196138480110","Tue May 06 17:59:07 +0000 2025","Altcoinsmart","@DeItaone @Reformed_Trader Lol Pakistan","0","2","ht"
"1919813280807453055","Tue May 06 17:55:29 +0000 2025","TjGiredar","@mufaddal_vohra Boom boom Bumrah 🔥","0","0","in"
"1919813126402257143","Tue May 06 17:54:52 +0000 2025","tj_my_h","Bobo dulu deh dr pada duit jajan ku dipotong entar bahaya.","0","1","in"
"1919810096156025301","Tue May 06 17:42:49 +0000 2025","TuvaJr","Inter kichwa","0","1","de"
"1919808457013903686","Tue May 06 17:36:19 +0000 2025","tfkwlyptr","Ini rumus gua kalo lagi bawa mobil pas macet di jalan raya pasar Minggu 1. Pas masuk dari Pancoran terus ambil jalur kanan (karena di kiri suka ada busway yang berhenti, dan mobil keluar dr kantor apa itu lupa namanya, jadi jalur kiri macet bgt)","0","1","in"
"1919808028640956455","Tue May 06 17:34:36 +0000 2025","Torriosh","YA ALLAH!!!!  Siapa sih yang iseng kirimin ayam 😭😭😭  Mana ayamnya bau banget. https://t.co/LvGQS91ww9","7","188","in"
"1919805625833337214","Tue May 06 17:25:04 +0000 2025","arrataki","nyasar di balai kartini masih ketemu angkot. jaklingko. transjakarta. bisa nanya ke mba-mba kantoran arah stasiun cawang ke mana.   nyasar di ice apa ga jadi orang ilang luh gaada apa apaan disitu","0","0","in"
"1919805571999441274","Tue May 06 17:24:51 +0000 2025","tetehsoso","@astryetc Bisa naik lrt sama tj ka","0","0","tl"
"1919805378478342420","Tue May 06 17:24:05 +0000 2025","tj_zannah","@iambellosani Allah yaji kanshi da rahama","0","0","in"
"1919804994347315439","Tue May 06 17:22:33 +0000 2025","zyzyzy_cazy","@tj_my_h qhaqqqq??? kamyuu hebyatthhh👍🏻👍🏻👍🏻👍🏻 aduhh cyngtyaa qamoehh namtyy acuu kithhh kitthhh mawww yacchhhh💋💋💋💋💋💅🏻💅🏻💅🏻💅🏻💃🏻💃🏻💃🏻💃🏻💃🏻","0","1","in"
"1919804991834832973","Tue May 06 17:22:32 +0000 2025","tj_zannah","Su @Rahma_sadau Manya","0","0","in"
"1919804892794806341","Tue May 06 17:22:09 +0000 2025","moonsalvatore__","@PT_Transjakarta Terimakasihh infonyaaa 🫶🏻","0","0","in"
"1919804854584696911","Tue May 06 17:22:00 +0000 2025","PapaJZan","@BBGreatMoments TJ in 3,2,1…..","0","0","in"
"1919804680047133017","Tue May 06 17:21:18 +0000 2025","lizcath23","@bbluewberry Do what you likeee kaak apapun yg dlu yg km suka tp g bole dlakuin pas sama diaaa..  Kalo aku dlu jalan2 muter2 naek busway sambil dgrin lagu bangtan keliling jogja.. plg2 capek ngantuk laper trs bobo 🤧🫂","0","0","in"
"1919804543862264251","Tue May 06 17:20:46 +0000 2025","Engr___Imaan","@tj_zannah Allah ya baka","0","1","in"
"1919803913122812009","Tue May 06 17:18:15 +0000 2025","iswaduimma1","@txtdrjkt Hehe di belakang busway Min, 'baru dilayoff' 😇😃🙈","0","0","in"
"1919803739948605835","Tue May 06 17:17:34 +0000 2025","Mariaramza43021","@biggbosstwt Hajj TJ hai just","0","0","in"
"1919803271662748072","Tue May 06 17:15:42 +0000 2025","andreasTJ","Apa ini 😑  Katla 1199 6/6  ⬛⬛⬛⬛⬛ ⬛🟨⬛⬛🟩 ⬛⬛⬛🟩🟩 ⬛⬛⬛🟩🟩 ⬛⬛⬛🟩⬛ 🟩🟩🟩🟩🟩  https://t.co/BSNMLAsyJy","0","0","in"
"1919803071242096836","Tue May 06 17:14:55 +0000 2025","jajulana_t","@peterbroggs 🤣🤣🤣🤣🤣🤣🤣🤣🤣 andayihleka 🤣🤣yhuuu https://t.co/xSrW9eCmxq","1","2","in"
"1919802901729530300","Tue May 06 17:14:14 +0000 2025","lkjhgTJ","Udah jam segini gue males bgt mau remove kuku 😫😫😫😫","0","0","in"
"1919801873705664677","Tue May 06 17:10:09 +0000 2025","fangirlll95","@PT_Transjakarta 9/9A sama aja kan ka?","0","0","in"
"1919801623154409771","Tue May 06 17:09:09 +0000 2025","Reign4Brutality","IYO SKYYYYYYYYYYYYYYY👉😆👈 https://t.co/EANcbgd9S4","0","8","in"
"1919799875937440103","Tue May 06 17:02:13 +0000 2025","sovrberry","kepalaku yg kejedot di tj benjol anjir :]","0","0","in"
"1919799480460755318","Tue May 06 17:00:38 +0000 2025","benings_tj2","Kepada siapa kita menaruh rindu?  Nite  #al_about_rindu_tj #tentang_rasa_tj https://t.co/c5ydy1Ax3f","1","2","in"
"1919798526936285564","Tue May 06 16:56:51 +0000 2025","numpanglewattt_","Sepanjang jalan pulang tadi, gue nangis di tj. Kek drama sih, tapi ya gitulah...  Capek juga ya, acara kemarin berasa ga dihargain aja gitu. Rasanya pen gue bubarin aja tu grup biar ga banyak yg asbun a,b,c","0","0","in"
"1919798520673927196","Tue May 06 16:56:50 +0000 2025","fayouandmee","@panggilaja_Tj gasss bgt seru","0","0","in"
"1919797414237528083","Tue May 06 16:52:26 +0000 2025","Torriosh","Special thanks to @septjunior for making my birthday so special.  Dia bikin agenda dari pagi sampai malam padahal lagi ga enak badan. Sampai akhirnya sore hari drop dan ga bisa lanjut.  Tapi tetep menyenangkan dan dibikinin video!  Milles mercis et je t’aime fort ! https://t.co/4XiqoodjLV","48","944","in"
"1919797234066948530","Tue May 06 16:51:43 +0000 2025","hafizhandndy","@metanoven @romeogadungan Loh emang solusi terbaik di ondonesia itu haris dibuat takut, jgnkan anak2 orang dewasa aja biar taat peraturan harus ada petugas dlu kan? Biar ga masuk jalur tj harus ada polisi yg jaga di depan kan? Biar motor ga naik ke flyover dibawahnya harus dijaga dlu kan? Biar ga lawan","0","3","in"
"1919796565964730615","Tue May 06 16:49:04 +0000 2025","txtdarivan","@PT_Transjakarta halo kak, saya baru di jakarta, mau naik transjak gimana caranya ya","0","0","in"
"1919796477754589364","Tue May 06 16:48:43 +0000 2025","vanadisx","hari ini berhasil pp naik tj d21🥳🥳","0","0","in"
"1919796475657171293","Tue May 06 16:48:42 +0000 2025","yungmak2005","@XreiAizz @Sammysoft_TJ @ZaragozaSeason @TALLYYYYYYYYYY_ @Sky_Marlon89 @bayer04Xtra @BILD @bayer04_en Baena?","0","0","tl"
"1919796374155231507","Tue May 06 16:48:18 +0000 2025","bdbdwinxs","plot twist bgt air mataa guee jatuhhh😭","0","0","in"
"1919796027936166151","Tue May 06 16:46:55 +0000 2025","bdbdwinxs","habiss nonton otto nangis bgtt. eh tibatiba wallpaper ku jadi ginii. bgst knp hrs momyet😭😭 https://t.co/shDwqK8lqy","0","1","in"
"1919795790345605333","Tue May 06 16:45:59 +0000 2025","BuyMyh_","@MeliMeliana_ @Filipino_Barb The set up kskskkssksk https://t.co/9LvWjbkpYE","0","2","is"
"1919795348455014751","Tue May 06 16:44:13 +0000 2025","mawwwhere","I mean disitu posisi jam 11, gua pake rok pendek (selutut sih), sendiri di tj, kepikiran pintu kutek yg udah tutup, mau gojek muter srengseng gua ga berani karena udh jam segitu. BJIRRR MOMENTTT","0","0","in"
"1919794935802298518","Tue May 06 16:42:35 +0000 2025","mawwwhere","sungkem ke lucas yg menolong gua dgn keadaan rambut lepek sambil menangis😔 ya lagian… TJ nya serem anj😔😔 https://t.co/oah3ig7BM7","0","0","in"
"1919793735203782912","Tue May 06 16:37:49 +0000 2025","Banserepsarap79","@YasmineMirzha @grok cek ini video apa dan kapan?","0","1","in"
"1919793607986352433","Tue May 06 16:37:18 +0000 2025","ThembaJef","@__T_touch Ey Nkosi yam","0","0","in"
"1919793350380507618","Tue May 06 16:36:17 +0000 2025","tj0kro","@cakimiNOW Dukung","0","0","de"
"1919793178380751067","Tue May 06 16:35:36 +0000 2025","tj0kro","@cakimiNOW Subhanallah","0","0","in"
"1919793036495880557","Tue May 06 16:35:02 +0000 2025","Banserepsarap79","@democrazymedia Presiden cap kaleng","0","0","in"
"1919792827757953203","Tue May 06 16:34:12 +0000 2025","Yujiin","@Byeopn Kenapa si kaaaa anak seimud dan sebaik aku diginiin srsly? 🥺🥺 Makasih btw anw busway!","0","0","in"
"1919792659067240950","Tue May 06 16:33:32 +0000 2025","Banserepsarap79","@_Aira922 @jokowi Gass Bib","0","0","ht"
"1919792305428668558","Tue May 06 16:32:08 +0000 2025","benings_tj2","Semoga polisi Jogja bisa memberantas KLITIH. Aku udah 20thn+ di Jogja. Alhamdulillah.. Mungkin karena aku ga pernah pulang malam motoran. Selama di Jogja hanya 5 kali di jalan bawa mobil sendirian diatas jam 12 malam.. Jemput anak pulang pensi, jemput kelg di pool bus, pulang nonton konser Brian Mcknight, pulang takziah, dan pulang nonton Kenny G. Selebihnya kalo ada acara paling malam jam 10 dah masuk rumah","0","0","in"
"1919791772932141310","Tue May 06 16:30:01 +0000 2025","inoyeca","Mengejar Tj dan kereta terakhir. Degdegannya ada bgt ya bun🥲","0","0","in"
"1919791771954864557","Tue May 06 16:30:01 +0000 2025","kamentrader","Hari ini nemu CD Acoustic Alchemy di toko second. Inget dulu dengerin lewat MP3 Player merk Cina. Musik2nya nolong gw dari kebosenan. Era ga ada MRT, Busway atau feeder.  Nunggu bis AC 143 pas pulang kerja, yg frekuensi datangnya saingan ama Komet Halley. https://t.co/2OhiGgv0aB","0","2","in"
"1919791437106872701","Tue May 06 16:28:41 +0000 2025","ephurest","perjalanan last day acey di roma  atac: bus-nya rome yang HOEK bgt (bagusan transjakarta suer) https://t.co/A2UZV3jije","0","2","in"
"1919791125742637524","Tue May 06 16:27:27 +0000 2025","falennia_vts","@stopminummatcha Bahkan aku pernah gabut dan mulut gatel pengen ngobrol, memutuskan buat jelajah rute tj dan krl. Sepanjang jalan itu aku ngobrol sama orang yang jalan juga. Sksd ke sekitar. Siapa aja kuajakin ngomong karna sebingung ituu","0","1","in"
"1919790429509452034","Tue May 06 16:24:41 +0000 2025","tierxxxnatha","dear @PT_Transjakarta min payung saya ketinggal di bus koridor 5C, kode busnya SAF-029. Bisa di cek gak min?","0","0","in"
"1919789708584059214","Tue May 06 16:21:49 +0000 2025","bugenvila4","@PT_Transjakarta tujuan ke terminal cibinong udah ada belum ya ? Thanks","0","0","in"
"1919789126146261289","Tue May 06 16:19:30 +0000 2025","Banserepsarap79","@AnKiiim_ Ketawa pratikno beda","0","0","in"
"1919789006663139359","Tue May 06 16:19:01 +0000 2025","youdzurioust","Tadi abis ke munas, narrating tulisan di pamerannya pake tone suara mbak mbak announcer tj yg dulu wkwk. Bisa jg w kek gitu wkkw","0","0","in"
"1919788459666854266","Tue May 06 16:16:51 +0000 2025","Traves_TJ","@millardayo Sasa ni serikali au wafanyabishara, si waseme tu kwama wanataka kufanya biashara na wananchi. Na tutaomba hata huku tanzanite nako waweke tozo","0","0","in"
"1919788058775277905","Tue May 06 16:15:15 +0000 2025","TJLeather1","@AntiTrumpCanada Dementia Don","0","0","in"
"1919787982174965925","Tue May 06 16:14:57 +0000 2025","Banserepsarap79","@ANDALASHUSNI @DokterTifa Jokowi ijazah palsuu","0","1","in"
"1919787926461788456","Tue May 06 16:14:44 +0000 2025","reeznisme","Ya Allah di bawah TJ layang vibes","0","0","in"
"1919787814826476036","Tue May 06 16:14:17 +0000 2025","reveriotes","td di tj ada kakek2 aneh yang tbtb duduk di samping gue trs nendang kaki gue dan bilang gue gak sopan. trs jujur gue bingung banget jancok posisinya gue setengah mual di bus trs gak duduk di bangku prioritas juga??? kenapa ni kakek gila tantrum sendiri??? gue katain aja dia bau","0","0","in"
"1919787142995116458","Tue May 06 16:11:37 +0000 2025","TjFlores5","@AntiWokeWrestle @OnlyFans Gigi Dolin","0","1","in"
"1919786928871780762","Tue May 06 16:10:46 +0000 2025","bambizhii","@tj_my_h 🤣🤣🤣... Apapun itu kita menikmati nya","0","1","in"
"1919786729638396026","Tue May 06 16:09:58 +0000 2025","goofycream","Seru juga nemenin temen ke blok m , dan naik transjakarta hehe. https://t.co/ETWlIyufKR","0","8","in"
"1919785638569902384","Tue May 06 16:05:38 +0000 2025","HeffleyA350XWB","@panggilaja_Tj scoopy ne dewe kan seangkatan ga sih?","0","0","in"
"1919785326702465526","Tue May 06 16:04:24 +0000 2025","mod_chips","@naapenaa Banget sih, naik tj 9km dari aelatan ke kuningan mosok 1.5jam 🤣","0","0","in"
"1919785168057074155","Tue May 06 16:03:46 +0000 2025","dohlicious","Kayanya satu-satunya tempt yg masih belum berani pergi sendirian tu naik tj pulang pergi ke malioboro. Gara-gara mas-mas tai yang semoga makhluknya sadar, atau kalo ga sadar biar dia ngerasain dibales kejahatannya sm Allah.","0","0","in"
"1919784960954597824","Tue May 06 16:02:57 +0000 2025","benings_tj2","@arzanchairi KLITIH itu adanya random dan selalu malam hari saat sepi. Kan ga mungkin malam2 abang lewat tempat sepi utk makan.","0","0","in"
"1919784591659040901","Tue May 06 16:01:29 +0000 2025","RafifFadhlurra4","@MarioYP @PT_Transjakarta Untuk saat ini bus tujuan Kalideres yang terdekat dari Grogol berada di Jl Ir H. Juanda untuk menuju Monumen Nasional terlebih dahulu","0","0","in"
"1919784502999564505","Tue May 06 16:01:08 +0000 2025","sopayss","sunyi bgt tj ga ada announcement nya","0","0","in"
"1919784399257612760","Tue May 06 16:00:43 +0000 2025","BintangElv7039","@Bluem00nnz @PT_Transjakarta Ada 3 opsi: 1. Naik koridor 6 arah Galunggung turun di Rasuna said  2. Naik  6A arah balaikota via Kuningan turun di Rasuna said  3. Naik 6H arah Senen turun di Rasuna said","0","0","in"
"1919784314793029774","Tue May 06 16:00:23 +0000 2025","RafifFadhlurra4","@aerpanasss @PT_Transjakarta Silahkan naik JAK.11 jurusan Tanah Abang turun di Klinik Mischa Medika lalu naik JAK.07 jurusan Grogol turun di Masjid Baitul Hilmi","0","0","in"
"1919783241277731188","Tue May 06 15:56:07 +0000 2025","naapenaa","@mod_chips Memang harusnya semua jenis transpub gitu. Jangan ngaret, on time. Cuma ya lu hidup di Indonesia. KRL juga gak ontime bgt cuma agak lebih menjanjikan dari TJ yg ngaretnya bisa nanges.","0","0","in"
"1919782917510988243","Tue May 06 15:54:50 +0000 2025","MarioYP","@PT_Transjakarta monas kalideres sudah setengah jam belum lewat.","0","0","in"
"1919782706092900808","Tue May 06 15:53:59 +0000 2025","icedcafelattee","NGAHAHHAJA TD ABIS BELI BLACK SAKURA PAKE TOPPING TIRAMISU LONGAN N ALMOMD CRISP~ SO yummy tp itulah yg menyebabkan gw mules di busway😭😭😭","0","0","in"
"1919782038091268533","Tue May 06 15:51:20 +0000 2025","kumansz","@nat_diklofenak iya bus tingkat tj yg atasnya terbuka, yang pake headset itu, belinya di aplikasi transjakarta cuma gatau gimana war nya, sold out mulu 💀","0","0","in"
"1919781536813220334","Tue May 06 15:49:20 +0000 2025","pearlscnt8","@raneydew17 @jangkarat @imlinaa9 Mauuu. Tergantung Tj tapi wkwkwk 😂","0","0","in"
"1919781180179919056","Tue May 06 15:47:55 +0000 2025","panggilaja_Tj","@HeffleyA350XWB Scoopyku wes bobrok njir, mbek beat wae kalah wkwk","0","0","in"
"1919781128241848654","Tue May 06 15:47:43 +0000 2025","jupiqer","@vgnue ngakak gw mau jd supir tj","0","0","in"
"1919781076936937537","Tue May 06 15:47:31 +0000 2025","RafifFadhlurra4","@flaffycandy @PT_Transjakarta Silahkan naik Koridor 8 jurusan Pasar Baru turun di Petojo lalu naik Koridor 3 jurusan Monumen Nasional turun di Monumen Nasional lalu naik Koridor 1 jurusan Blok M turun di Dukuh Atas lalu naik Koridor 6 jurusan Ragunan turun di Warung Buncit","0","0","in"
"1919780809604792607","Tue May 06 15:46:27 +0000 2025","HeffleyA350XWB","@panggilaja_Tj ayo balapke mbek scoopy ku","0","0","in"
"1919780730835763693","Tue May 06 15:46:08 +0000 2025","keefemalt","@panggilaja_Tj Belum pernah si","0","0","in"
"1919780617450865110","Tue May 06 15:45:41 +0000 2025","naapenaa","@mod_chips Kek gw tadi pagi kek pesut kejepit, tapi ya agak santai daripada gw ngejar TJ yg pagi buta dari pinang ranti. Ogah","0","0","in"
"1919780460869169405","Tue May 06 15:45:04 +0000 2025","RafifFadhlurra4","@Bluem00nnz @PT_Transjakarta Langsung saja naik Koridor 6/6A/H jurusan Galunggung/Balaikota via Kuningan/Senen turun di Rasuna Said","0","0","in"
"1919780269361598887","Tue May 06 15:44:18 +0000 2025","hewancrossing","aku yg di dalem Transjakarta lagi pake TWS dengerin JJ angkot","0","0","in"
"1919780127845843244","Tue May 06 15:43:44 +0000 2025","avocadojaneshi_","@txtdrjkt yg di tj oren min baru pulang kuliah","0","0","in"
"1919780088159338945","Tue May 06 15:43:35 +0000 2025","naapenaa","@mod_chips Minimal naik krl lebih pasti jam tibanya. Kalo TJ begitu stuck atau salah koridor, wassalam.","0","1","in"
"1919779443834552368","Tue May 06 15:41:01 +0000 2025","panggilaja_Tj","klo NR nya naik scoopy mau ga ??? https://t.co/qQLiZdy18B","1","119","in"
"1919778891155005706","Tue May 06 15:38:50 +0000 2025","Tj0385906813498","@yafavcinna Needa tap in wit ya","0","1","in"
"1919778861774143861","Tue May 06 15:38:43 +0000 2025","yndk_9tj7tqkvz6","@xxzkvyy Yakin?","0","0","in"
"1919778837165904207","Tue May 06 15:38:37 +0000 2025","chickennnugets1","@loveisdino IHH LELE NAIK TJ HAVE FUNN ADEKKK","0","0","in"
"1919778252974952720","Tue May 06 15:36:17 +0000 2025","anzhori53868","@PT_Transjakarta @adhinomoto Halah kak.. jangan percaya dibalikin. Laporan saya dari bulan maret juga statusnya dalam proses.  Saya hampir tiap pagi kena reset saldo terus, 2x kena potongan..","0","0","in"
"1919778176378798291","Tue May 06 15:35:59 +0000 2025","donatlelah","jujur campaignnya z4p w/ lm&amp;mb nih oke bgt si idenya, mulai dr penempatan di depan apart mantan&amp;istrinya trs GEDE PULA langsung narik bnyk org yg cfdan, office worker, turis tosari, tj user. di tiktok rame yg bikin konten videonya wow mantap emg rencana Allah indah pd waktunya","0","0","in"
"1919777901563519370","Tue May 06 15:34:54 +0000 2025","TJISPOVERTY","@CentroLeaks MUDKIP RAHHHHHH","0","0","in"
"1919777662844752232","Tue May 06 15:33:57 +0000 2025","benings_tj2","@arzanchairi Sekarang dah pindah entah kemana.. Dulu deretan bingkai dekat","0","1","in"
"1919777170563518939","Tue May 06 15:31:59 +0000 2025","yanapandu","@PT_Transjakarta kenapa ga buat rute PALMERAH - DENPASAR? Kan rata2 pada turun di semanggi - denpasar. Repot kalo mesti numpuk di Gerbang Pemuda","0","0","in"
"1919776520962507038","Tue May 06 15:29:24 +0000 2025","indahfermata","Malah lanjut nangisin uyon di tj 😭 udah mah muka bengep nonton mumu","0","0","in"
"1919775666397950112","Tue May 06 15:26:01 +0000 2025","naapenaa","@mod_chips Alasan gw gak mau naik tj meskipun tuh koridor bisa langsung sampe kantorku 🤣","0","0","in"
"1919775664762204220","Tue May 06 15:26:00 +0000 2025","nat_diklofenak","@kumansz Buset leh uga ini semuanya. Kalo yang war itu bus tingkat tj?","0","0","in"
"1919775417092714506","Tue May 06 15:25:01 +0000 2025","benings_tj2","@arzanchairi Mungkin beda singkongnya atau ngolahnya salah .. Aku bikin ga pernah gagal tuh. Kalo singkong yg spt bang Arsan upload itu  ada di Jogja dah lama banget. Aku mulai sering ke Jogja 2003. Gerobaknya dekat Panti Rapih","0","1","in"
"1919775313568931928","Tue May 06 15:24:37 +0000 2025","lkjhgTJ","Semangatin gue ganti kuku dong","0","3","in"
"1919775104096956917","Tue May 06 15:23:47 +0000 2025","cclattx","@txtdrjkt otw pulang naik tj","0","0","in"
"1919775021276528691","Tue May 06 15:23:27 +0000 2025","sissyeay","@blueeskiees_ Terpaksa pura pura lowbat 🙏🏻 Nggak baca WA nya. Aku udah pernah nongkrong jam 10 malem di Halte TJ untuk kasus yang serupa. Kadang bos bos ini lupa kalau kita bukan hidup buat kerja, tapi kerja buat hidup. p","0","0","in"
"1919774387026182490","Tue May 06 15:20:56 +0000 2025","kazushorimitski","@alza_lizza Kayaknya sih gitu Mungkin belom terbiasa aja. Dulu liat tj yg sinkron tu aneh. Sekarang jadi kebalikannya 😂😂🤣🤣","0","0","in"
"1919773275070079293","Tue May 06 15:16:31 +0000 2025","capekbner","FULL TIDUR pulang naik TJ udah lgsg sampe halte menwa.. terima kasih TJ..","0","0","in"
"1919773088197018058","Tue May 06 15:15:46 +0000 2025","benings_tj2","@arzanchairi Banyak dan enak enak juga singkong di Jogja","0","1","in"
"1919772489615618154","Tue May 06 15:13:23 +0000 2025","benings_tj2","@Dian_susahLogin Betul.. Aku jg dah banyak blokir orang2 yg promo demul.","0","1","in"
"1919772240230687198","Tue May 06 15:12:24 +0000 2025","berrieenim","@sambateveridei aku dom jakbar kak. tapi selagi bisa diakses sama busway/Jak gapapa banget ! kebetulan aku juga berpengalaman untuk packing barang kecil","0","0","in"
"1919772072760271164","Tue May 06 15:11:44 +0000 2025","benings_tj2","@arzanchairi Singkong keju (katanya) 😂","0","1","in"
"1919771699417120959","Tue May 06 15:10:15 +0000 2025","huehya","@PT_Transjakarta Update, Pas tadi liat ternyata udah dibenerin. Makasih ya. https://t.co/rBLc9guxki","0","0","in"
"1919770424822604256","Tue May 06 15:05:11 +0000 2025","caierss","jo tambah ganteng sumpah, tp aku padamu tj.","0","0","in"
"1919770305737687147","Tue May 06 15:04:43 +0000 2025","hadisdisdis","@wadhiutomo @febri_frdnsyh Wkakakka kesel tenan berdiri neng TJ. Untung ra kepuyuhhh","0","0","in"
"1919770265443303941","Tue May 06 15:04:33 +0000 2025","sillybatbat","@kdrama_menfess stylenya kayak karyawan baru turun tj wkwkwkwk","0","6","in"
"1919770217573421168","Tue May 06 15:04:22 +0000 2025","sailovesix","semenjak kerja lg gue jarang on bjir, capek duluan...bkn karna cape kerja tp cape bertarung tiap balik kerja buat ke halte dan nunggu busway macem ikan teri 😭😭😭","0","0","in"
"1919769936723116266","Tue May 06 15:03:15 +0000 2025","Tj33_DXB","@deiii143 Hahaha alam na alam mu Yan!! Hahaha","0","1","tl"
"1919769691725430982","Tue May 06 15:02:16 +0000 2025","benings_tj2","@ayaharno Betul sekali","0","0","in"
"1919769557595500970","Tue May 06 15:01:44 +0000 2025","heart_desires9","Pope Robert Sarah in jooooorrrr","0","0","in"
"1919769533021327725","Tue May 06 15:01:38 +0000 2025","benings_tj2","@arzanchairi Singkong goreng yg direbus dulu😂. Trus dibumbu bawang putih dan sdikit tepung bumbu bang","0","1","in"
"1919769302086864974","Tue May 06 15:00:43 +0000 2025","benings_tj2","@wiragaksableng @justikanew Jangan ga jadi 😂","0","0","in"
"1919769298018697352","Tue May 06 15:00:42 +0000 2025","Jikontl","Menahan diri sama orang bau apek di Tj:(","0","0","in"
"1919769190942310526","Tue May 06 15:00:17 +0000 2025","benings_tj2","@ReenTis_ Ini rumah anak wedok Reen.. Rumahnya ga begitu besar jadi barangnya ga banyak.. Yg banyak justru mainan cucu","0","1","in"
"1919768936050024475","Tue May 06 14:59:16 +0000 2025","Papashango0o","@S_Karna002 @euphues_sapien Bhai tujhe based ka matlab pata hai? Bc cool ban raha hai western slangs copy marke","0","0","in"
"1919768689165139986","Tue May 06 14:58:17 +0000 2025","sissyeay","Tiba-tiba dikasih tugas yang diminta segera dalam waktu kurang dari 1 jam selesai. Padahal lagi di TJ 👍🏻","0","0","in"
"1919768605228401043","Tue May 06 14:57:57 +0000 2025","TJ_Bass316","Isak","0","0","in"
"1919768337195610216","Tue May 06 14:56:53 +0000 2025","Shawngab3","@tj_canino lakas ng dating ni daddy","0","0","tl"
"1919768336700756156","Tue May 06 14:56:53 +0000 2025","panypsrb","capek kerja &amp; otw pulang (lagi di tj) 😏","0","0","in"
"1919767993950867816","Tue May 06 14:55:31 +0000 2025","jaemlenyangz","Baru nyampe rumah jam segini terus tadi ngelamun di tj ada bubble dari jaemin 🥺 makasih cowok aplikasiku https://t.co/kXLntlpC51","0","0","in"
"1919767987504218464","Tue May 06 14:55:30 +0000 2025","jupiqer","alesan gamau lg naik tj krn takut myasar lebih suka krl gpp gw jd manusia geprek yg ptg gk nyasar","0","0","in"
"1919767457671348555","Tue May 06 14:53:24 +0000 2025","tj_my_h","@zyzyzy_cazy Satu kalimat ""Nakal"" Udah buat gila😭😭😭","0","1","in"
"1919766785378943045","Tue May 06 14:50:43 +0000 2025","whatsapty","Yap, hari ini kekantor transjakarta untuk bisa liat cctv. Ternyata gabisa dikasih atau dikirim cctvnya jadi cuma bisa liat aja. Saking padatnya kurang jelas muka pelaku. Pelajaran bgt kalau naik transum untuk hati2 sama barang bawaan huhuhu😭🤧","0","0","in"
"1919766748561014860","Tue May 06 14:50:35 +0000 2025","Flymiamiibroo22","itu yg di tj aku lagi denger american wedding","0","0","in"
"1919766637260968408","Tue May 06 14:50:08 +0000 2025","tj42514","@exhaustedwhizz @lowzy004 @nurizadefener_ Arasana beni","0","0","tr"
"1919765770285846884","Tue May 06 14:46:41 +0000 2025","KijomoTJ","Kuna watu wanajua kukatisha tamaa","1","2","in"
"1919765712156889314","Tue May 06 14:46:27 +0000 2025","smajunior1","@Tj_kind @bossolamilekan1 Olohun","0","0","in"
"1919765363144691868","Tue May 06 14:45:04 +0000 2025","annethesky","Di Jakarta aja gw jarang banget naek MRT, cuma bbrp kali jaman pandemi dulu (2020-21). Naik Busway seumur hidup kyknya max cuma 5 kali 🤭🤣","0","0","in"
"1919764927889461550","Tue May 06 14:43:20 +0000 2025","kkamisatoryuu","@xerotoninx Nggaa w naik tj 😭 motorku nginep lg","0","0","in"
"1919764499751391400","Tue May 06 14:41:38 +0000 2025","sojuapel","gw skrg naik tj lebih suka turun di senayan dki daripada polda wkwkwkw ternyata lebih enak lewat situ 😝","0","0","in"
"1919764281999942036","Tue May 06 14:40:46 +0000 2025","peribawangStash",".@PT_Transjakarta, saya mau tanya: kenapa tidak ada jadwal royaltrans yang bisa terbuka dan akurat ya? kemarin saya diinfokan S12 ada di jam 18:00, tapi ternyata tidak ada dan adanya di 18:30.  begitu tanya supir, saya disarankan gabung WAG S12 untuk jadwal yang akurat. jujur-","0","1","in"
"1919763718617104537","Tue May 06 14:38:32 +0000 2025","ArrabellaBella","@Secret7717 Hrp tj tak mengigau laa nk main MD lagi…kot laa dh terfeeling ssj ke🤣","0","2","in"
"1919763561687220680","Tue May 06 14:37:55 +0000 2025","loveisdino","hi hari ini first time dale naik tj yeayyyy😆🚌 https://t.co/ANWeiFcN1p","0","12","in"
"1919763529869230193","Tue May 06 14:37:47 +0000 2025","bdbdwinxs","AGR bumbunyaa medokk poll🤤❤ https://t.co/BFUjgtY6sf","0","0","in"
"1919763524756373943","Tue May 06 14:37:46 +0000 2025","tj_my_h","Ko gw nangis lihat editan ini😭😭😭😭😭 https://t.co/WIIOKyzxyN","1","2","in"
"1919763258291933620","Tue May 06 14:36:42 +0000 2025","moonsalvatore__","@PT_Transjakarta halo min.. mau tanya Halte Rs. Harapan Kita apakah ganti nama? Soalnya di rute 10H sudah tidak ada.. apa rutenya sudah berubah??","0","0","in"
"1919763089769046490","Tue May 06 14:36:02 +0000 2025","TjGamebox","Told ya","0","27","en"
"1919762590688837758","Tue May 06 14:34:03 +0000 2025","michaeltj97","@come2dann 2-1 baca win","0","0","en"
"1919762450884317572","Tue May 06 14:33:30 +0000 2025","leeknowgimpo","@PT_Transjakarta min kalo mau ke ikea alsut bisa naik bus S61 ngga? saya mau naik dari terminal blok m","0","0","in"
"1919761971873722728","Tue May 06 14:31:36 +0000 2025","Tj_kind","@IGN Haahahahahaha","0","0","tl"
"1919761783713366062","Tue May 06 14:30:51 +0000 2025","nebulaeeeee","suami keduanya ran  suami ketiganya tj   wkwkwkwkk","0","0","in"
"1919761525134524570","Tue May 06 14:29:49 +0000 2025","yndk_9tj7tqkvz6","@notdetected88 Manisnya","0","0","in"
"1919761371006439630","Tue May 06 14:29:12 +0000 2025","stardeutch","najong banget ke pamulang cuma buat beli tuku, mending gua ke tj walaupun jauh dikit","0","0","in"
"1919761346813730946","Tue May 06 14:29:07 +0000 2025","taethanisme","@myungjaeenoona asli mana pakenya topi baseball😭😭😭 kocak beneran kaya yg nongkrong di tamlit baiknya naik tj","0","0","in"
"1919761260373311530","Tue May 06 14:28:46 +0000 2025","FarelStar245890","@PT_Transjakarta kayanya 3f harus ubah rute deh min , mungkin bisa jdi kali deres - gatot subroto , sangat crowded di senayan bank dki antriannya , dan penumpukan bis juga . Udah numpuk di satu halte karna halte pertama . Pnp Kor 1 jdi terganggu . Coba deh atur ulang rutenya .","0","0","in"
"1919761217960476950","Tue May 06 14:28:36 +0000 2025","yndk_9tj7tqkvz6","@adiyounghd Hbd adi","0","0","in"
"1919760749745840575","Tue May 06 14:26:44 +0000 2025","maduTJ957","@Honeypie_nj @Sunredish Dikira suara bias lu bagus banget apaa??? Jelek anjir","0","1","in"
"1919760727084302688","Tue May 06 14:26:39 +0000 2025","chocomintjoha","Udah lari2 minta tungguin 4K, berhentinya sekejap bgt woi sedih😭😭 masa cepet bgt berhentinya 😭MYS21232 @PT_Transjakarta","0","0","in"
"1919760586495426900","Tue May 06 14:26:05 +0000 2025","Ninomeiya","Yg bus busway ""nangisin arashi""","0","2","in"
"1919760456367185960","Tue May 06 14:25:34 +0000 2025","maduTJ957","Tinggalin aja sudah tanpa lu aja dia masih bisa sukses 🤣🤣 lu siapa dah ngatur2","0","0","in"
"1919760219468337309","Tue May 06 14:24:38 +0000 2025","DushanbeTJ","temperature down 35°C -&gt; 29°C wind 4kmh -&gt; 6kmh","0","0","in"
"1919760152376569933","Tue May 06 14:24:22 +0000 2025","arai_salma","Ketika client gak akur sama tim lapangannya itu bikin repot bener haduh. Org2 lapangannya tj mah gampang diajak kerjasama tapi org kantornya ga percaya timnya sendiri.","0","1","in"
"1919759915163283926","Tue May 06 14:23:25 +0000 2025","SendyGputra","@Torriosh Btw, Bang TJ ini pernah upload tiktok bahas pepak bahasa jawa enggak sihh? + identik ama ""sini, sini, sama mas"" takutnya salah orang 🥲","0","0","in"
"1919759794023313459","Tue May 06 14:22:56 +0000 2025","1996WW","kung saan ka malungkot, dun ako masaya m¡ngyu :)","0","0","tl"
"1919759724947358046","Tue May 06 14:22:40 +0000 2025","5h1n1ng5t44r","@vfkxkak @PT_Transjakarta Bantu jawab. Bisa ambil K.5 arah Kp. Melayu turun Tegalan / Kesatrian, lanjut K.4 arah Galunggung turun tujuan akhir, lanjut K.6 arah Ragunan turun Karet Kuningan.","0","0","in"
"1919759620676997495","Tue May 06 14:22:15 +0000 2025","ibelllll_","@txtdrjkt aku yang di dalem transjakarta","0","0","in"
"1919759405425557612","Tue May 06 14:21:24 +0000 2025","kuwiracer","@firhidz @loverthurz terus gw kuliah naik apa? Tj?","0","0","in"
"1919758753957581188","Tue May 06 14:18:48 +0000 2025","5h1n1ng5t44r","@rogermiaw00 @PT_Transjakarta Kalau mau lebih nyaman dan rela bayar dobel, bisa ambil K.7 arah Kp. Rambutan turun Flyover Raya Bogor, pindah Flyover Raya Bogor 1 ambil S22 arah Ciputat turun Pool BMP Ciputat, lanjut angkutan online","0","0","in"
"1919758734890291418","Tue May 06 14:18:44 +0000 2025","maduTJ957","@Jungsoonie1 Nah kan mereka itu aneh tujuan mereka itu emang mau hujat tae dan melampiaskan dendam   Bukan mengedukasi kek yang mereak gembar gemborkan 🤭","0","0","in"
"1919757721223504203","Tue May 06 14:14:42 +0000 2025","PrettyinTj","inang perya yan di nagana rides haha","0","1","tl"
"1919757284068008234","Tue May 06 14:12:58 +0000 2025","Si_Muggle","@wickedlywildd Hooh, malah jdi dilema harus pilih krl apa busway utk sampe kantor 🫣😌","0","0","in"
"1919757083991474591","Tue May 06 14:12:10 +0000 2025","vfkxkak","min mau tanya BIS AMARI yg ke senen dr halte Karet Kuningan ada ga ya ? @PT_Transjakarta","0","0","in"
"1919757030392201224","Tue May 06 14:11:58 +0000 2025","feilamei","Lu pada tau ga sih gua lagi radang tapi teriak kek orgil ngeliat om tj comeback😭😭😭 daddy's home, ayahku yg menggalau botinya diambil orggggg💔💔💔🥀🥀🥀 https://t.co/NBprN0pi5k","0","0","in"
"1919756918312071313","Tue May 06 14:11:31 +0000 2025","tj7_sa","@RoyalPrince01 💯😤 — iktfr🙌🏿😠","0","0","in"
"1919756873412313091","Tue May 06 14:11:20 +0000 2025","5h1n1ng5t44r","@fangirlll95 @PT_Transjakarta Bantu jawab. Langsung saja ambil K.9 arah Pluit / 9A arah Grogol Reformasi turun Tanjung Duren","0","0","in"
"1919756779506085928","Tue May 06 14:10:58 +0000 2025","ZS2129","Member main 3x harin bawak towel Hotel ke? 😅Tahan ye TJ, 💪🏻","0","2","in"
"1919755538705043523","Tue May 06 14:06:02 +0000 2025","tatatelkomsel","@datkaelynn anak bajingan nemu orang aneh dikit di tj udah cekikikan😭😭😭","0","0","in"
"1919755438414868642","Tue May 06 14:05:38 +0000 2025","popcorncar4mel","DEMIALLAH PIK JAUH BANGET TOKAYYYY MAU DITEMPUH PAKE GOJEK ATAU BUSWAY PUN SAMASAMA CAPEK, CAPEK NYA TUH BUKAN YANG capek TAPI C👊🏻A👊🏻P👊🏻E👊🏻K  JIRLAH KALO PIK JADI SESOSOK ORANG UDAH GUE FAKYU FAKYUIN","0","0","in"
"1919755350800269447","Tue May 06 14:05:17 +0000 2025","checkpoint1945","@PT_Transjakarta nunggu 5C &amp; 7F di Monas lama yaa?? Udh mau 15mnt😡😡😡","0","0","in"
"1919755145484595283","Tue May 06 14:04:28 +0000 2025","fangirlll95","@PT_Transjakarta min, info rute ke mall central park dong naik dari halte pancoran","0","0","in"
"1919755103558631860","Tue May 06 14:04:18 +0000 2025","tj_my_h","@bambizhii Aku pun tak tau🤔","0","0","in"
"1919754659654451533","Tue May 06 14:02:32 +0000 2025","610_jjjib","fak remuk baru naik tj sehari(blm terbiasa)","0","0","in"
"1919754633268101422","Tue May 06 14:02:26 +0000 2025","tjhrrzq","@yourbae @nunikpryntnii Ha napa ta bang?","0","0","tl"
"1919754375121273258","Tue May 06 14:01:24 +0000 2025","RafifFadhlurra4","@rogermiaw00 @PT_Transjakarta Silahkan naik JAK.20 jurusan Lubang Buaya turun di Monumen Pancasila Sakti lalu naik JAK.06 jurusan Kampung Rambutan turun di Terminal Kampung Rambutan lalu naik S22 jurusan Ciputat turun di Pool BMP Ciputat lalu naik angkutan online","0","0","in"
"1919754167364833556","Tue May 06 14:00:35 +0000 2025","lolosugmpil1","@ikantrbang ak kira tim pak tj masi buat soal..","0","1","in"
"1919753749435965824","Tue May 06 13:58:55 +0000 2025","outsideTJ","@baerinzx legittt kahh, ohmakkk","0","0","in"
"1919753584931176771","Tue May 06 13:58:16 +0000 2025","hiprintemps","@PT_Transjakarta selamat malam min, wihh terima kasih minn🙏","0","0","in"
"1919753381645594736","Tue May 06 13:57:28 +0000 2025","LympathicTj","@animetv_jp Son Goku https://t.co/HhZUpuoL0F","0","0","in"
"1919753164339003585","Tue May 06 13:56:36 +0000 2025","joletteschlaw","Br naik busway dr dpn kntor jam sgini. Besok ngantor lg 🥹","0","0","in"
"1919752566495404304","Tue May 06 13:54:13 +0000 2025","kazushorimitski","anjg, padahal aku gak da niat buat nyetel arashi. tapi ke play sendiri njiirrr 💀  playlist gue kan belakangan cuma fanta, sz/tsz, tj, kp, news, kmft2, ae  🤣 https://t.co/myBSMRrjnC","0","1","in"
"1919752236969734466","Tue May 06 13:52:55 +0000 2025","_TJKC_","#MLB RBI Trends  Manny Machado 3 vs &gt; .500 Matt Olson 4 vs CIN TJ Friedl 3/4 road as udog Maikel Garcia 4/5 Michael Massey 4/5 as fav Dansby Swanson 4/5 vs SFO as fav Seiya Suzuki 3 vs SFO Gunnar Henderson 6/7 vs MIN  #FantasyBaseball","0","0","in"
"1919752210168352865","Tue May 06 13:52:48 +0000 2025","RafifFadhlurra4","@saratinein @PT_Transjakarta Silahkan jalan ke Jl Pramuka III disitu langsung saja naik JAK.23 jurusan Senen","0","0","in"
"1919752119516618763","Tue May 06 13:52:27 +0000 2025","vlowrry","duh ajg tj dingin banget","0","0","in"
"1919752075988050060","Tue May 06 13:52:16 +0000 2025","imkhiels","@txtdrjkt Di tj yg blm gajian itu","0","0","in"
"1919751962783805770","Tue May 06 13:51:49 +0000 2025","RafifFadhlurra4","@tikahapr_ @PT_Transjakarta Untuk saat ini bus tujuan Penjaringan berada di Jl Perdana Kusuma","0","0","in"
"1919751564635373769","Tue May 06 13:50:14 +0000 2025","wonterland","kyk udah seabad rasanya ga naik tj","0","0","in"
"1919751211273879589","Tue May 06 13:48:50 +0000 2025","thyunivrse","@Andiani25_ naik tj aku tau arahnya sih kak, tp emg jauh 😭","0","0","in"
"1919751145578496491","Tue May 06 13:48:35 +0000 2025","areumdabdab","sehari jadi 'mba2 slipi - pamulang via tj' itu","0","0","in"
"1919750998274523323","Tue May 06 13:47:59 +0000 2025","apiiingggg","mending call center transjakarta deh ditelfon jam 6 pagi pun langsung angkat lah ini mrt aja jam operasionalnya blm kelar tapi call center nya senyap👎🏻👎🏻👎🏻👎🏻","0","0","in"
"1919750787745644630","Tue May 06 13:47:09 +0000 2025","tikahapr_","INI 3D MANA WOY SEJAM GA LEWAT2 TAMAN KOTA @PT_Transjakarta","0","0","in"
"1919750746188439941","Tue May 06 13:46:59 +0000 2025","saratinein","@PT_Transjakarta min, kalau dari halte pasar genjing mau ke halte senen naik rute apa ya?","0","0","in"
"1919750545763455417","Tue May 06 13:46:12 +0000 2025","maduTJ957","Ketikan orang goblok yang “harus dihujat” lu goblok anjj https://t.co/lYFNSQMyC8","0","2","in"
"1919750024323596493","Tue May 06 13:44:07 +0000 2025","Cinekvlt","Cok keturon nk TJ sak sliyutan bablas","0","0","in"
"1919749989158597043","Tue May 06 13:43:59 +0000 2025","CatalystStrike","@txtdrjkt Naik TJ atau KRL  Baru berangkat kerja dan masih segar, karna gw masuk selalu shift malem ditambah masih menikmati pekerjaan","0","0","in"
"1919749846963249555","Tue May 06 13:43:25 +0000 2025","BayuSoewito","@PT_Transjakarta Kenapa skrng pramudi sering banget ugal2an, ngerem mendadak, ngomel2 sendiri, plang bus stop sering diterobos padahal mobil kosong.   Yang penting kilometer cepat selesai, masalah selamat nanti dulu.","0","0","in"
"1919749724145377749","Tue May 06 13:42:56 +0000 2025","inoyeca","Min @PT_Transjakarta tj terakhir dr pantai maju jam berapa ya?","0","0","in"
"1919749722840953256","Tue May 06 13:42:55 +0000 2025","lkjhgTJ","Gweh mau jualan tanktop thrifting laku ga yaaaa. Gue banyak yg ga muat 🥲","0","0","in"
"1919749328660291734","Tue May 06 13:41:21 +0000 2025","taesanitizer","@810centric gak nyangka aku ngelarin ini di tj biasanya paling males baca di tj…. tp saking serunya aku kelarin……","0","0","in"
"1919748971846894058","Tue May 06 13:39:56 +0000 2025","BerkedokKodok","WOY SI KEMBARANNN","0","0","in"
"1919748692430749929","Tue May 06 13:38:50 +0000 2025","tidakmendunggg","barang random yang dibeli kemarin 1. Lupa gak bawa topi 2. Bisa-bisanya kabel charger rusak pas naik tj 3. Kok ya pas kuku juga bermasalah 4. Gak dapet sabun di penginapan, mau beli sabun cair, gak ada ukuran mini, akhirnya beli sabun batang dibagi 2 https://t.co/os2OfC84cS","0","0","in"
"1919748644720562465","Tue May 06 13:38:38 +0000 2025","maduTJ957","Gak naikin ht tuk jhope kah? Gak sayang ya maka nya gak di edukasi masa edukasi pilih2 https://t.co/vhtVZVmVh4","1","4","in"
"1919748013724975546","Tue May 06 13:36:08 +0000 2025","RealTEEEEJ","Legendary.","0","0","in"
"1919746893711835525","Tue May 06 13:31:41 +0000 2025","bambizhii","@tj_my_h Kalo begini baik ga sih ... Otakku yg ga baik","0","0","in"
"1919746174023852123","Tue May 06 13:28:49 +0000 2025","RealPyromaniacs","@PT_Transjakarta min tolong rute 6A arah balaikota kalau udah malam jedanya jangan terlalu lama. Saya udah nunggu 30 menit di halte patra kuningan.","0","0","in"
"1919745975343841649","Tue May 06 13:28:02 +0000 2025","octaffian1010","@PT_Transjakarta @imcersive AYEISHA NURLITA HASIBUHAN https://t.co/Czv6hhxFK2","0","0","in"
"1919745829901873240","Tue May 06 13:27:27 +0000 2025","tj_zannah","@Abdulilu1 Gaskia kam","0","0","lt"
"1919745708154093896","Tue May 06 13:26:58 +0000 2025","jonathwang_jh","Saya mohon maaf kalau pesan burung hantu agak lama dibalas, soalnya pm masih adjustment kembali ke Indonesia dan stress dihantam antri tj dan krl 🥲","0","1","in"
"1919745541438677091","Tue May 06 13:26:18 +0000 2025","yoongibestman93","@PT_Transjakarta @jaklingkojkt @JaklingkoApps Ada penumpang mau naik atau turun sesuai bus stop nya supir malah berhenti kelewatan, kalo ditegor gaada kata maaf, diem aja. Kadang ada juga supir yg ga sabaran, penumpang belum duduk maen jalan aja. Saya jadi penasaran supir Jak 37 semuanya di Training atau ga? @PT_Transjakarta","0","0","in"
"1919745407439057206","Tue May 06 13:25:46 +0000 2025","ChelseaFacts_TJ","@VdykCFC Has Mudryk retired?","0","0","in"
"1919745282545254481","Tue May 06 13:25:17 +0000 2025","heeuhdeuh","Literally weekdays, belum isya pun. Masih nunggu tj, dah ditanya kenapa belum sampe😔😔","0","0","in"
"1919745214207688968","Tue May 06 13:25:00 +0000 2025","cherrieslagoon","@yeyoclhoi EH TJ GUE NIH KALO BALIK DARI BLOK M","0","0","in"
"1919745046414336287","Tue May 06 13:24:20 +0000 2025","yoongibestman93","@PT_Transjakarta @jaklingkojkt @JaklingkoApps Bayangin aja, dari banyaknya jaklingko di jakarta timur cuma jak 37 yg supirnya brengsek semua.. bawa mobil ugal2an, ada polisi tidur bukannya ngurangin kecepatan malah di gas aja itu polisi tidur @PT_Transjakarta @jaklingkojkt","0","0","in"
"1919745038231220463","Tue May 06 13:24:18 +0000 2025","octaffian1010","@PT_Transjakarta  aa mantap perbedaan nya gaes pramusapa bernama AYEISHA NURLITA HASIBUHAN PLH koridor9 https://t.co/tOLBm1Gete","0","1","in"
"1919745003158393245","Tue May 06 13:24:10 +0000 2025","UnD3ReStiM8eD","@RetroMoviesDB Iilhan ohmar","0","1","in"
"1919744655056396366","Tue May 06 13:22:47 +0000 2025","tj_my_h","@bambizhii Ya kan fansnya jadi ngikut ajaran ketua semua🤣🤭","0","1","in"
"1919744386755395598","Tue May 06 13:21:43 +0000 2025","SafitriJa","Min @PT_Transjakarta halte CBD Ciledug udh beroperasi apa blm?","0","0","in"
"1919744373467775140","Tue May 06 13:21:40 +0000 2025","bambizhii","@tj_my_h Gmn bisa waras kalo ketua sendiri aja paling senang coret","0","1","in"
"1919744264713732438","Tue May 06 13:21:14 +0000 2025","inettchang","Baru pulang encok bgt di tj ga dapet tempat duduk, knp hari ini sibuk bgt deh padahal pen rayain ultah nagi juga 😮‍💨","0","0","in"
"1919743673182650495","Tue May 06 13:18:53 +0000 2025","tj_my_h","Ya lah kan crush dr lama  #PraewAndYouxMyGoldenBlood","1","1","in"
"1919743568131866812","Tue May 06 13:18:28 +0000 2025","Nabilahrch","Udah jelas banget di tj di umumin ga bole tlp suara keras 🙂‍↕️🙂‍↕️🙂‍↕️🙂‍↕️ tp mbaknyah😞🙏","0","0","in"
"1919743252812722532","Tue May 06 13:17:13 +0000 2025","tj_my_h","@Lapuk_NungguHYX Pake bahasa alay aja biar gak ketahuan.","0","4","in"
"1919743014630482429","Tue May 06 13:16:16 +0000 2025","suhloleveling","guys mau deh rasain naik tj","0","0","in"
"1919742981214507261","Tue May 06 13:16:08 +0000 2025","tj_my_h","@bambizhii Uda gak ada yg waras kyanya ma","0","0","in"
"1919742861056098582","Tue May 06 13:15:39 +0000 2025","anabulmujuga","@cukasoklat Tj itu singkatan apaan deh","0","0","in"
"1919742621418738029","Tue May 06 13:14:42 +0000 2025","yoongibestman93","Saya harap @PT_Transjakarta @jaklingkojkt @JaklingkoApps bisa TRAINING ULANG supir2 kalian biar ga merugikan penumpang lain","0","0","in"
"1919742615492428093","Tue May 06 13:14:41 +0000 2025","yoongibestman93","Ciri2 sopirnya masih aga mudaan kisaran 25-30 tahun kumisan aga tebel, saya cek di apk Transjakarta untuk laporan langsung via aplikasi kwknya ga ke deteksi kayaknya dimatiin itu radarnya sama supirnya. Saya SERING BANGET kelewatan tiap mau turun di bus stop tujuan saya","0","0","in"
"1919742612321309059","Tue May 06 13:14:40 +0000 2025","yoongibestman93","Jak 37 KWK 651 sopirnya kek tai, bawa mobil ugal2an begitu saya mau berhenti di bus stop tujuan saya dia budeg malah gas terus.  Dia berhenti saya marahin gaada permintaan maaf diem aja. Jaklingko harus kasih tindakan tegas ke supir nakal kaya gitu @PT_Transjakarta @jaklingkojkt","2","1","in"
"1919742467470987619","Tue May 06 13:14:05 +0000 2025","TJDosso","@GidiDanAuta @_kennyblaze1391 @Abdulrahmanleme @Rahma_sadau @aphroDIJA @Abi_Olusanya @Mr_JAGs @Wizarab10 @DONJAZZY @DanBorno @masuzafi Irinsu muka dinga ci a Baya 45k","0","0","in"
"1919742233827541147","Tue May 06 13:13:10 +0000 2025","nacorydoras","Dan yap gw masi disini nungguin tj","0","0","in"
"1919742126650462401","Tue May 06 13:12:44 +0000 2025","alfatj_","@dallaballer Pram dgn kopiah!","0","0","in"
"1919741998631932066","Tue May 06 13:12:14 +0000 2025","bambizhii","@tj_my_h Pas bnr moment nya, sutra n ketua ah ... Makin ga bnr nih otak","0","1","in"
"1919741782805631203","Tue May 06 13:11:22 +0000 2025","zyzyzy_cazy","@tj_my_h pinksun masyallhhh💅🏻💅🏻💅🏻💅🏻💅🏻💃🏻💃🏻💃🏻💃🏻💃🏻💃🏻💃🏻","0","1","in"
"1919741506430119980","Tue May 06 13:10:16 +0000 2025","peachhylatte","Kyk nyebut nomor angkot/tj 😭","0","0","in"
"1919741326389629355","Tue May 06 13:09:33 +0000 2025","vehideacc","Sori tp gacuma ran sm tj aj si, ak jg maw sama miyaken","0","0","in"
"1919741288083054807","Tue May 06 13:09:24 +0000 2025","TjJinson","@Darkwebcomputer @yacineMTB Yt guys for Kamala","0","1","in"
"1919740073211302293","Tue May 06 13:04:35 +0000 2025","tj_my_h","@zyzyzy_cazy Terkapar semua JG stan","0","0","in"
"1919739876016324632","Tue May 06 13:03:48 +0000 2025","ownedbyserina","mobil drpd mesen Grab atau nunggu pagi/jalan agak lebih sore). Belum lagi sikon transum Bandung yg belum mendukung konektivitas, beda dibandingkan Jakarta, bahkan gw berani bilang beda tipis dengan Medan (bis listrik dengan halte BRT lodek pertama di Indo, TJ kapan 😂)t","0","0","in"
"1919739823117774916","Tue May 06 13:03:35 +0000 2025","cukaceblakk","tadi siang gue naik tj, kepala gue di remuk bapak bapak ajing. Mana cepolan gue di tarik 🥲🥲","0","0","in"
"1919739736106631518","Tue May 06 13:03:14 +0000 2025","tj_my_h","Udah jiwanya wayar kayanya ma😭😭","0","0","in"
"1919739562005287023","Tue May 06 13:02:33 +0000 2025","gazrag","@Nstr_tj Gm TJ ☕️ ☀️","0","1","in"
"1919739371298922872","Tue May 06 13:01:47 +0000 2025","ilhammustofah31","@infinityg_ai @initia @InitiaEco @Jump_Jennie init109akuhx0jdxdnq0hdtvtrex082gc6zd0w60kyu","0","0","in"
"1919739248690765839","Tue May 06 13:01:18 +0000 2025","cukasoklat","berani ga ya ke fm tj sendirian...","0","5","in"
"1919738987813732836","Tue May 06 13:00:16 +0000 2025","Gyuhv_vee","abis 105 dapet 115 di tj.barat - lt.agung. bawah ke atas nya cepet banget tapi pas di atas kaya udh mentok. fyi masih std ya https://t.co/WtDlud7J1z","0","0","in"
"1919738904330359031","Tue May 06 12:59:56 +0000 2025","panggilaja_Tj","@damaraw19 Mau mau mau","0","0","in"
"1919738800013770788","Tue May 06 12:59:31 +0000 2025","tj_my_h","@bambizhii Sangat mendukung🤣🤭","0","1","in"
"1919738618215858204","Tue May 06 12:58:48 +0000 2025","tj_my_h","@thatsawyoung Mana bener lagi😭😭","0","0","in"
"1919738519528079763","Tue May 06 12:58:24 +0000 2025","wonumalang","dari blok m naik tj ke manggarai hampir 2 JAM dan dari manggarai ke BEKASI UDAH KAYAK SARANG SEMUT alias rame banget anjing bahkan gw tadi gak napak tuh di dalem gerbong","0","1","in"
"1919738408777482280","Tue May 06 12:57:58 +0000 2025","theo_jay","@gueiava Huhuhu belom liat padahal foto Tata membuat semangat kerja meningkaaat","0","0","in"
"1919738213951853046","Tue May 06 12:57:11 +0000 2025","thatfruitontree","Sandaran bangku Tj yang tinggi tu memang diciptakan buat orang ngantuk ya?","0","0","in"
"1919738147661086833","Tue May 06 12:56:56 +0000 2025","nduterste","@PT_Transjakarta halo, saldo kartu flash saya kepotong 2x di gate keluar halte monas. Ini gimana ya?  Tolong dong benerin gate nya yang sebelah paling kanan arah keluar halte. Biar ga kena 2x bayar gini https://t.co/PxzIBWxfyM","0","0","in"
"1919738059815321738","Tue May 06 12:56:35 +0000 2025","GetWaldoed","@OatmealGG Dementia Don","0","2","in"
"1919738057177149695","Tue May 06 12:56:34 +0000 2025","vkrich","@txtdrjkt yang kesel karna saldonya kesedot 2x di gate transjakarta","0","0","in"
"1919737824821313607","Tue May 06 12:55:39 +0000 2025","no_octis","anjir pintu tj yg lagi tak naikin otomatis kebukanya udh kek banting pintu 😭","0","0","in"
"1919737800385077664","Tue May 06 12:55:33 +0000 2025","benings_tj2","@ayaharno Sambal ikan roa","0","0","in"
"1919736969212404055","Tue May 06 12:52:15 +0000 2025","UcHiAjadEh","@krimtigakali Tj barat depan aeon dimananya kak?","0","0","in"
"1919736768833699918","Tue May 06 12:51:27 +0000 2025","ChaNterTj","@zimcelebs1 Ko Saka tainyepa pese apa..lol.  Gogo vangu vakatovigwa paidiwa tsono dzekusurgery.","0","0","in"
"1919736755772621273","Tue May 06 12:51:24 +0000 2025","KharismaDitaa","Petualangan dari Cilandak ke Kebon Jeruk. Nyobain Jaklingko no 102 Blok M - Lebak Bulus Nyobain TJ no 8 Lebak Bulus - Pasar Baru Nyobain TJ no S61 Alam Sutera - Blok M Noh mamam macetnya🤣 https://t.co/FkUvndOowK","0","0","in"
"1919736298706759895","Tue May 06 12:49:35 +0000 2025","simarpil","HAHAHAHHA CEKIKIKAN DI TJ","0","0","in"
"1919735624694677619","Tue May 06 12:46:54 +0000 2025","avadakadavraav","soal iki kok isih ono to cok😂 isih TJ po sing gawe https://t.co/fekh2l47nd","0","10","in"
"1919735472131019063","Tue May 06 12:46:18 +0000 2025","oonakoonak","semoga duduk di tj","0","0","in"
"1919735361145536749","Tue May 06 12:45:51 +0000 2025","urairasa","@ksylittlegirl aku kira si won td bawa mobil karena dia blg si sun atit gara2 maksa naik busway HAHA (maaf terlalu cepat menyimpulkan) hm berarti memang bukan rejeki-nya won aja si sun itu ☺️","0","0","in"
"1919735336852144401","Tue May 06 12:45:45 +0000 2025","benings_tj2","@VMbelink Plus kopi panas..","0","1","in"
"1919735012481478822","Tue May 06 12:44:28 +0000 2025","2DumYinzers","@_MLFootball @lexiosborne @DrewGarrison @shawnemerriman @KennyKing_Jr @TommyG105 @SconnieColt @thebengalorian @British_Raven19 @_jason_777 TJ Watt. Cam Heyward.","0","0","in"
"1919734858890543253","Tue May 06 12:43:51 +0000 2025","ayangmeongg","Makanan, lagu, klub sepak bola, motor, suku, halte tj juga bisa ahh malah curhat😔","0","1","in"
"1919734826137239948","Tue May 06 12:43:44 +0000 2025","thetombguardd","Naik motor malah ngantuk, naik tj malah melek 🙃 https://t.co/0ULPWT6Lg3","0","2","in"
"1919734547031429457","Tue May 06 12:42:37 +0000 2025","kelincibodas","@RafifFadhlurra4 @TransJakarta Oki pak makasii banyak, nanti mau dicoba","0","0","in"
"1919734169128608175","Tue May 06 12:41:07 +0000 2025","ChaNterTj","@uncleflo_ Ndakanzi iwewe semunhu angaasina kuzvironga unondipawo marii coz inin nditori zera rababa vako apa ndapfugama kuti ndi nicer bhutsu.","0","0","in"
"1919734134626267334","Tue May 06 12:40:59 +0000 2025","compliceited","halo @PT_Transjakarta bis MYS 21253 kursi dekat pintu belakang &amp; di atas ban belakang goyang-goyang nih, kurang nyaman duduknya karena kayak mau jatuh https://t.co/rbx38FBO72","0","0","in"
"1919734017999700150","Tue May 06 12:40:31 +0000 2025","teazzitea","Akhirnya aku nyerah naik tj di CSW. Aku mau sampe kosan naik ojek 😭😭","0","0","in"
"1919733851972370443","Tue May 06 12:39:51 +0000 2025","tj_canino","@shuiorigpb_ sana pukpokin ang passing nyan sayang pero if di talaga kaya sige i-opp na lang 😣","0","1","tl"
"1919733129448960146","Tue May 06 12:36:59 +0000 2025","alina__zip","halo @PT_Transjakarta cara naik royaltrans rute cinere kuningan gimana yaa? saya dari spbu limo cinere, tapi saya gatau besok jam kedatangan bis nya jam berapaaa","0","0","in"
"1919732905804550423","Tue May 06 12:36:06 +0000 2025","Torriosh","@septjunior Astagfirullah","0","5","in"
"1919732904814641513","Tue May 06 12:36:06 +0000 2025","CatLitterBox1","@PT_Transjakarta busway jam 1 dr stasiun senen ke Bundaran Hi masih beroperasi ngga ya?","0","0","in"
"1919732868412035348","Tue May 06 12:35:57 +0000 2025","rozer100x","@Nstr_tj gm gm tj 📈","0","1","in"
"1919732366437974427","Tue May 06 12:33:57 +0000 2025","khanzaharley","@datsotrew oh nooo.. i hope u okayyy 🥺😣  kenapa tmi yg aku dapetin pada plot twis semua, tadi ada yg jatuh pas mau naik tj","0","0","in"
"1919732313291620654","Tue May 06 12:33:45 +0000 2025","_Tj256","@DaniUncle004 Wangi","0","0","in"
"1919732190985818528","Tue May 06 12:33:15 +0000 2025","davineeeeeee","@prideyy_ Luarnya jis (sebelum masuk main gate yaa) tuh ada BMW Park. Dia tuh SEMPIT BGT dan ga pedestrian friendly. Jadi banyak orang jalan di jalan raya, padahal jalan itu buat lewat mobil, motor, tj, dropoff ojol jugaa. Jalan raya depan jis juga cuma selebar jalan depan IA-","0","0","in"
"1919732001273270553","Tue May 06 12:32:30 +0000 2025","jeanedarker","antre keluar tj panjang amat kek mau ketemu ponari","0","4","in"
"1919732000258457981","Tue May 06 12:32:30 +0000 2025","dingdongjeu","kalo terus terusan sial artinya apa","0","0","in"
"1919731738919764242","Tue May 06 12:31:28 +0000 2025","penyukamerah","kok TJ kosong sih tumben, ada apa","0","0","in"
"1919731692434293044","Tue May 06 12:31:17 +0000 2025","aikyeomiee","@Sian_ioonn IYAAA PLISS aku pernah di tj sampe 2 jam lebih 🫠","0","0","in"
"1919731597651128704","Tue May 06 12:30:54 +0000 2025","pacarmaungg","lucu bgt baru tau klo sound halte di tj khusus pertukangan D'Masiv custom wkwk lucu bet ada suara si vokalisnya syp dh itu","0","0","in"
"1919731293744459977","Tue May 06 12:29:41 +0000 2025","benings_tj2","@ayaharno Singkong mas","0","0","tl"
"1919731093575475333","Tue May 06 12:28:54 +0000 2025","benings_tj2","@TheDamaiKopiku 30 sampai 40 ribu seporsi.. Dikit pula 🤣🤣🤣","0","1","in"
"1919730970351313392","Tue May 06 12:28:24 +0000 2025","YaumilFalah","@kkambingpirang Mukanya perpaduan ayu tingting sama tj extravaganza","0","0","in"
"1919730607560548817","Tue May 06 12:26:58 +0000 2025","dilulife","dari patra kuningan ke mampang prapatan anje sejam idih mending gue jalan kaki begitu ga mau lagi naik tj jam segitu","0","0","in"
"1919729880331387199","Tue May 06 12:24:04 +0000 2025","damngirlzappy","stlah jalan kaki 20 menit + berdiri di tj sejam sambil menjaga keseimbangan, bleh cry tdk c rasanya cape bgt anjay","0","0","in"
"1919729769203302721","Tue May 06 12:23:38 +0000 2025","mod_chips","TJ rute 9 ini penuhnye ampun-ampunan dah","0","0","in"
"1919729546284433764","Tue May 06 12:22:45 +0000 2025","kbala55","Run dly zig-zag Intercity using 06190/06191 &amp; VM-RMM-VM rakes from Jun 25. 1.MDUd0800 TPJd1015 VRI VMd1230 TBMa1440. TBMd1545 VMd1750 TDPR CDM MV KMU TJ TPJa2240. 2.TPJd0557 MVd0752 VMd1022 TBMa1225.TBMd1330 VRId1625 TPJd1800 MDUa2020. @DrmChennai @DRMTPJ @drmmadurai @GMSRailway","0","0","in"
"1919729493196845366","Tue May 06 12:22:32 +0000 2025","RichHealthyFun","Orang2 yg bisa duduk krn ada kursi kosong tp milih berdiri di TJ ini mungkin udah lelah kali ya duduk di kantor","0","0","in"
"1919729254738395430","Tue May 06 12:21:35 +0000 2025","rieskakaa","@PT_Transjakarta hi min apakah ada tj dari halte cyberpark ke palem semi, thank you","0","0","in"
"1919728276744077315","Tue May 06 12:17:42 +0000 2025","mat_chalatte_","@clownsepyy semoga tj mau nambahin unit 3d 🥹🙏🏻","0","0","in"
"1919728219374198940","Tue May 06 12:17:28 +0000 2025","rozer100x","@Ferminlopez32 @GiveRep @ikadotxyz @steammfi @zofaiperps @doubleup_app @rootlets_nft @FlowX_finance @ATTNtoken @moonbags_io Gm Tj 🤝","0","1","in"
"1919728208859066580","Tue May 06 12:17:26 +0000 2025","jesjesky","Padahal udah pencet stop + berdiri depan pintu, harus teriak dulu baru dibuka pintu tengahnya. Ada aja kelakuan oknum supir D21 @PT_Transjakarta","0","0","in"
"1919728041833451956","Tue May 06 12:16:46 +0000 2025","Ms_NSAH","Partner sementara dah habisss. Pergi rehat bingkun. Esok main dgn EW awal pagi. TJ kejap ja rehat ni. Sat g kena main XD pulakkk 🫣","1","4","in"
"1919727981188030956","Tue May 06 12:16:32 +0000 2025","nazlaaf","Hidup akan lebih mudah kalau jalur TJ selalu STERIL","0","1","in"
"1919727757530976681","Tue May 06 12:15:38 +0000 2025","Allinforhamcat","@PT_Transjakarta Td kyknya dia gak liat ada org nunggu soalnya ada angkot di depannya. Tapi kalau dia berenti kan saya bisa samperin. Masalahnya ini gak berenti.","0","0","in"
"1919727715118416098","Tue May 06 12:15:28 +0000 2025","Allinforhamcat","@PT_Transjakarta Hari ini saya dilewatin lagi sama 12B jam 19:05 di pandan bistro. No body nya gak keliatan soalnya sama sekali gak berenti jadi gak sempetliat.  Tolong lah di sosialisasi lagi armadanya.","0","0","in"
"1919727562890342621","Tue May 06 12:14:52 +0000 2025","aerpanasss","Min @PT_Transjakarta rute dari arteri ke tanjung duret arah barat","0","0","in"
"1919727333360926980","Tue May 06 12:13:57 +0000 2025","ayeniny","Sekalian di KRL sama TransJakarta gak sih? @Stray_Kids_JP","0","0","in"
"1919726858129862742","Tue May 06 12:12:04 +0000 2025","RafifFadhlurra4","@robistory_ @PT_Transjakarta Untuk saat ini bus 1A arah Balaikota via Tol yang terdekat dari PIK Avenue berada di Food Street","0","0","in"
"1919726215537033498","Tue May 06 12:09:31 +0000 2025","haloteje","Gila pondok cabe jalannya macet parah sampe UT 🤣🤣🤣","0","1","in"
"1919726199691215360","Tue May 06 12:09:27 +0000 2025","dikavaradilla","Ini busway dingin bangettt ya allah apakah ada mas mas cilandak yg bisa kupeluk","0","0","in"
"1919725808169390248","Tue May 06 12:07:54 +0000 2025","duhkesel","kambingg gw pake acara ngide minum es kopi sebelom naik busway alhasil kebelet pipis tp ini lagi kejebak macet 🥲","0","2","in"
"1919725729106874590","Tue May 06 12:07:35 +0000 2025","raflifauzi_","tj koridor 9 kalo lagi rush hour tambah armada atulah bro @PT_Transjakarta","0","2","in"
"1919725414811107589","Tue May 06 12:06:20 +0000 2025","Syusho_o","Nice jugalah pair baru ni, walaupun nmpk TJ tak biasa","0","0","in"
"1919725396649738382","Tue May 06 12:06:15 +0000 2025","lluroxx","@shampainoz semuanya betul kecuali tj listrik🤡","0","1","in"
"1919725076963819810","Tue May 06 12:04:59 +0000 2025","nm_mhsn","Tj lurus je lahh ehhh 🙏🏼🙏🏼 nnti boleh rehat lama sikit before turun utk XD","1","1","in"
"1919725026460172544","Tue May 06 12:04:47 +0000 2025","robistory_","@PT_Transjakarta Orang naik dari Pantai Maju atau PIK itu mayoritas turun di Kota Tua, makanya pilihannya yang 1A via tol. Sedangkan udah beberapa hari belakang ini, justru perbandingannya reguler 3:1 via tol. Gak seimbang jadinya.  Sila survei langsung.","0","0","in"
"1919725024325304410","Tue May 06 12:04:47 +0000 2025","robistory_","Halo @PT_Transjakarta usul dong armada rute 1A diperbanyak, terutama di jam sibuk sekira pukul 18.00. Sering tau di Pantai Maju antrean mengular panjang saat jam tersebut. Tambahin yang tol, karena memang lebih banyak pengguna tol.","0","0","in"
"1919724929215304135","Tue May 06 12:04:24 +0000 2025","maduTJ957","@bangtanwithus @taeaunty @Putvvv Lu ngetik benerin dulu gih bingung gue bacanya😭… “harus di hujat” berarti jhope dan RM lu juga “harus di hujat ya”","0","6","in"
"1919724830963765399","Tue May 06 12:04:01 +0000 2025","riio_juliann","@PT_Transjakarta infokan segera updatenya","0","0","in"
"1919724793105924293","Tue May 06 12:03:52 +0000 2025","riio_juliann","@PT_Transjakarta saya tunggu updatenyaa ya segera","0","0","in"
"1919724783891316830","Tue May 06 12:03:49 +0000 2025","tr4ckhouse","men gw yg punya pacar aja still find peace in nyemall sendiri, belanja sendiri, keliling kota naik TJ, LRT dll. find peace in doing things alone guys!! niscaya lu gk akan bergantung sama org lain!! semangat","0","1","in"
"1919724567385247767","Tue May 06 12:02:58 +0000 2025","shsalsadil","anyway busway aku lupa blm makan nasi bjirrr pantesan laper bgt","0","0","in"
"1919724397805314308","Tue May 06 12:02:17 +0000 2025","Torriosh","@hivoltescargot Cukur!","0","0","tr"
"1919724246814879947","Tue May 06 12:01:41 +0000 2025","maduTJ957","@whalienRM120994 Ini adu apa kak https://t.co/dMp7MMawSt","0","1","in"
"1919724117474918767","Tue May 06 12:01:11 +0000 2025","pessonal","@cleopawss Fb rtb","0","1","in"
"1919724110235763135","Tue May 06 12:01:09 +0000 2025","BerkedokKodok","e lucu bat woakowkw","0","0","in"
"1919724021186494872","Tue May 06 12:00:48 +0000 2025","pessonal","@peoniescc Fb rtb","0","0","in"
"1919723897727156719","Tue May 06 12:00:18 +0000 2025","caffeineisamust","@PT_Transjakarta Turunnya dimana ya min?","0","0","in"
"1919723870422237345","Tue May 06 12:00:12 +0000 2025","jhxxoneyy","dulu gua seneng bgt kalo udh sampe ke halte tempat gua transit sebelum naik tj arah rumah karena artinya sebentar lagi pulang sampe rumah. sekarang gua jadi ga suka sama halte itu karena klo udh sampe situ artinya jalan jalan malem sama pacar udh selesai☹️","0","0","in"
"1919723790524649477","Tue May 06 11:59:53 +0000 2025","thislyfeishit","BAJINGAAAN, GUE LIAT INI DI DALEM TJ MANA LAGI RAME BANGET. NAHAN KETAWA DI POJOK KEK ORGIL WKWKWK","0","0","in"
"1919723372369617188","Tue May 06 11:58:13 +0000 2025","Bhonkc","@sarassvvati Busett bener kak,,aq pernah nunggu mpe 4 TJ penuh teruuss klo jam pulang🤣","0","0","in"
"1919722734382096672","Tue May 06 11:55:41 +0000 2025","furinabogor","aku huhu, tiap hari pulang set 10 malem, dan melalui tj rute dan stasiun paling hectic kek zombie itu😮‍💨 tapi gapapa, inget lebih baik capek kerja dibanding capek cari kerja. toh di kantor juga energi gue terisi krn lingkungannya enak😋","0","0","in"
"1919722667445264471","Tue May 06 11:55:25 +0000 2025","superficialdols","@PT_Transjakarta pls min kl lg rame ada petugas di deket pintu dong","0","0","in"
"1919722650743799906","Tue May 06 11:55:21 +0000 2025","bambizhii","@tj_my_h Iklan nya yg sungguh mendukung","0","1","in"
"1919722628199133247","Tue May 06 11:55:15 +0000 2025","jeinaiseu","@pjsleau abis ke tempat pkl mau lnjut TJ gbisa krena ad tawuran😔","0","0","in"
"1919722557659377787","Tue May 06 11:54:59 +0000 2025","salamah_adam","@tj_zannah Ya kamata kam","0","1","in"
"1919722468576788765","Tue May 06 11:54:37 +0000 2025","peemsies","@dzicuore hi transjakarta jurusan mana kalo aku jurusan blokm-peemwasu","0","0","in"
"1919722317619527723","Tue May 06 11:54:01 +0000 2025","prioorincantato","@tj_my_h selalu begini","0","1","in"
"1919722302117445776","Tue May 06 11:53:58 +0000 2025","duanyaadaempat","setai tainya busway gw masih bisa pegangan","0","0","in"
"1919722237327782004","Tue May 06 11:53:42 +0000 2025","maduTJ957","@lotusbiscoffe Rasa asam pedas sma soto. Mantap https://t.co/4OVHMSKKRX","0","0","in"
"1919722116674449681","Tue May 06 11:53:13 +0000 2025","hhhesay","CAPEK BANGET NGAHAHAHAHAHA CAPEK BANGET ANJIR GUA NAHAN TAWA DI TJ😭🫵🏻","0","0","in"
"1919722106390282496","Tue May 06 11:53:11 +0000 2025","metawincc","@PT_Transjakarta min knp koridor 5 malah makin lama ya😫 https://t.co/t2vBW0BTXT","0","0","in"
"1919722068582740340","Tue May 06 11:53:02 +0000 2025","guininprogs","@jogja_base all about yg berkaitan sama history kak (bbrp museum bisa search aja mau yg mana, taman sari, atau bahkan kawasan2 lawas tertentu) kalo ga bisa cobain naik transjogja muter muter atau cari tempat yg oke buat kamu sendiri nder yg di lewatin halte tj","0","1","in"
"1919722057472082001","Tue May 06 11:52:59 +0000 2025","afiafi26","juga ga sih sampe bisa beli mansion cash loh, ga nyicil. Ini orang sehari kerja brp jam yak, curiga tj ga kenal tgl merah didalem kalender nya. Kadang penasaran ini orang tidur ga sih, brp jam sehari, kok keliatannya sibuk mulu 😭😭","0","0","in"
"1919722054947111072","Tue May 06 11:52:59 +0000 2025","afiafi26","Tj tuh beneran gambaran orang2 yg umur 30 harus punya rumah dan tabungan miliaran biar bisa pensiun dini. Cuma penasaran dia kerja sekeras apa sampe bisa beli mansion custom lg di malibu, kan termasuk kawasan mewah di us. Paham sih bisnis haram tuh duitnya gede tp ga sebesar itu-","0","1","in"
